ACCIDENT_YEAR,COLLISION_DATE,COLLISION_TIME,MONTH,SEASON,24HOURS,DAY_OF_WEEK,INTERSECTION,WEATHER_1,STATE_HWY_IND,ROAD_SURFACE,ROAD_COND_1,LIGHTING,STWD_VEHTYPE_AT_FAULT,CHP_VEHTYPE_AT_FAULT,DIRECTION,PCF_VIOL_CATEGORY,TYPE_OF_COLLISION,PEDESTRIAN_ACCIDENT,BICYCLE_ACCIDENT,MOTORCYCLE_ACCIDENT,TRUCK_ACCIDENT,MVIW,TOW_AWAY,HIT_AND_RUN,CONTROL_DEVICE,NUMBER_INJURED,COUNT_PED_INJURED,COUNT_BICYCLIST_INJURED,COUNT_MC_INJURED,PCF_VIOLATION,PARTY_COUNT,POINT_Y,POINT_X,COLLISION_SEVERITY
2011,2011-12-20,1820,12,4,18,2,N,A,N,A,H,D,A,01,S,08,A,,,,Y,C,Y,N,D,3,0,0,0,22107.0,3,32.89961536,-115.6213864,3
2011,2011-01-03,536,1,4,5,1,Y,A,Y,A,H,B,A,01,,09,D,,,,,C,Y,N,A,1,0,0,0,21453.0,2,32.67904487,-115.49870155,4
2011,2011-02-28,1200,2,4,12,1,N,A,Y,A,H,A,A,07,S,10,G,Y,,,,B,N,N,A,1,1,0,0,21950.0,2,32.67262343,-115.49870155,2
2011,2011-07-30,1416,7,2,14,6,N,A,Y,A,D,A,A,07,N,10,G,Y,,,,B,N,N,A,1,1,0,0,21950.0,2,32.67088487,-115.49870155,2
2011,2011-12-21,1820,12,4,18,3,N,A,N,A,H,D,A,07,N,08,F,,,,,A,Y,N,D,1,0,0,0,22107.0,1,33.2952193,-115.97698672,3
2011,2011-12-20,603,12,4,6,2,N,A,Y,A,H,D,A,01,E,03,C,,,,,C,Y,N,D,2,0,0,0,22350.0,2,32.69387922,-115.3356643,3
2011,2011-12-27,1730,12,4,17,2,Y,A,N,A,H,C,A,01,,09,D,,,,,C,Y,N,A,1,0,0,0,21802.0,2,32.741568,-115.5346695,4
2011,2011-12-22,1600,12,4,16,4,Y,A,N,A,H,A,A,01,,12,D,,,,,C,Y,N,A,4,0,0,0,22450.0,2,32.73064,-115.56032,4
2011,2011-08-02,755,8,2,7,2,Y,A,N,A,H,A,B,01,,09,D,,,,,C,Y,N,A,1,0,0,0,21802.0,2,32.66983,-115.4949,4
2011,2011-05-22,1942,5,1,19,7,Y,A,N,A,H,C,A,01,,06,D,,Y,,,G,N,N,A,1,0,1,0,21951.0,2,32.6667,-115.49632,4
2011,2011-06-07,942,6,2,9,2,N,A,N,A,H,A,A,07,W,21,B,,,,,E,N,N,A,1,0,0,0,22106.0,2,32.67297794,-115.495128,3
2011,2011-05-07,754,5,1,7,6,Y,A,N,A,H,A,A,01,,10,G,Y,,,,B,N,N,A,2,2,0,0,21950.0,3,32.6667,-115.49753,4
2011,2011-05-24,2019,5,1,20,2,Y,A,N,A,H,C,A,07,,10,G,Y,,,,B,N,N,A,1,1,0,0,21950.0,2,32.66981,-115.48835,4
2011,2011-03-08,616,3,1,6,2,Y,A,N,A,H,A,B,01,,10,G,Y,,,,B,N,N,D,1,1,0,0,21950.0,2,32.66562,-115.49631,4
2011,2011-01-12,845,1,4,8,3,Y,A,N,A,H,A,-,- ,,00,G,Y,,,,B,N,N,-,1,1,0,0,,2,32.6667,-115.49632,3
2011,2011-11-16,1807,11,3,18,3,N,A,N,A,H,C,-,- ,W,10,G,Y,,,,B,,N,D,2,2,0,0,21950.0,3,32.98194488,-115.54802746,3
2011,2011-12-13,745,12,4,7,2,Y,A,N,B,H,A,A,07,,09,D,,,,,C,Y,N,A,1,0,0,0,21802.0,2,32.73064,-115.56032,4
2011,2011-12-17,1950,12,4,19,6,Y,B,N,A,H,C,A,07,,05,H,,,,,C,Y,N,D,1,0,0,0,21752.0,2,32.97738,-115.62413,3
2011,2011-12-23,905,12,4,9,5,N,A,N,A,H,A,J,48,N,03,C,,,,,C,Y,N,D,1,0,0,0,22350.0,2,32.77702768,-115.56119156,4
2012,2012-01-01,1831,1,4,18,7,N,A,Y,A,H,D,D,22,S,08,E,,,,,I,Y,N,D,2,0,0,0,22107.0,1,32.95475082,-115.5089488,3
2012,2012-01-03,555,1,4,5,2,N,A,Y,A,H,D,A,01,W,08,F,,,,,A,Y,N,D,1,0,0,0,22107.0,1,32.77379366,-115.66209352,3
2012,2012-01-19,1455,1,4,14,4,N,A,Y,A,H,A,A,01,N,03,C,,,,,C,N,N,D,1,0,0,0,22350.0,2,32.73240115,-115.50054703,4
2012,2012-01-19,1758,1,4,17,4,N,A,Y,A,H,C,A,01,S,03,C,,,,,C,N,N,D,1,0,0,0,22350.0,2,32.82419833,-115.50009463,4
2012,2012-01-18,550,1,4,5,3,Y,A,Y,A,H,D,A,01,,09,D,,,,,C,Y,N,A,2,0,0,0,21802.0,2,32.67942214,-115.65606856,3
2012,2012-01-14,705,1,4,7,6,N,B,Y,A,H,A,A,01,W,08,E,,,,,I,Y,N,D,1,0,0,0,22107.0,1,32.70964827,-116.05404527,4
2012,2012-01-11,1710,1,4,17,3,N,A,Y,A,H,C,A,01,N,21,C,,,,,C,N,N,A,1,0,0,0,22106.0,2,32.7586982,-115.55197674,4
2012,2012-01-14,1813,1,4,18,6,N,A,N,A,H,C,A,01,S,03,C,,,,,C,N,N,A,2,0,0,0,22350.0,3,32.79634537,-115.62079281,4
2012,2012-01-15,1350,1,4,13,7,Y,B,N,A,H,A,A,07,,09,D,,,,,C,Y,N,A,2,0,0,0,21802.0,2,32.73025491,-115.4308717,4
2012,2012-01-15,635,1,4,6,7,N,A,N,A,H,A,A,01,S,08,E,,,,,I,Y,N,D,1,0,0,0,22107.0,1,33.00846025,-115.54411164,4
2012,2012-01-26,1225,1,4,12,4,Y,A,N,A,H,A,D,22,,09,D,,,,,C,Y,N,D,1,0,0,0,21801.0,2,32.964246,-115.5093525,2
2012,2012-01-04,1720,1,4,17,3,N,A,N,A,H,D,-,- ,W,08,B,,,,,C,N,N,D,1,0,0,0,22107.0,2,32.7928023,-115.57448401,4
2011,2011-01-04,1800,1,4,18,2,Y,A,N,A,H,C,-,- ,,10,G,Y,,,,B,N,N,D,1,1,0,0,21950.0,2,32.77717,-115.57102,3
2012,2012-01-04,1245,1,4,12,3,N,A,N,A,H,A,-,- ,S,03,C,,,,,C,N,N,D,1,0,0,0,22350.0,2,32.80088025,-115.57000706,4
2012,2012-01-07,1842,1,4,18,6,N,A,Y,A,H,D,A,01,W,08,F,,,,,A,Y,N,D,1,0,0,0,22107.0,1,32.66279484,-116.10563165,4
2012,2012-01-17,1935,1,4,19,2,N,A,N,A,H,D,A,01,W,03,D,,,,,C,Y,N,D,1,0,0,0,22350.0,2,32.68026949,-115.39522827,4
2012,2012-01-22,1810,1,4,18,7,Y,A,Y,A,H,C,D,22,,09,D,,,,,C,Y,N,A,2,0,0,0,21802.0,2,33.38402584,-116.03444141,3
2012,2012-01-20,1718,1,4,17,5,N,A,Y,A,H,D,A,01,N,03,C,,,,,C,Y,N,D,2,0,0,0,22350.0,2,32.74980498,-115.50083771,4
2012,2012-01-22,705,1,4,7,7,N,B,Y,A,H,A,C,02,S,03,C,,,Y,Y,C,Y,N,D,1,0,0,1,22350.0,2,33.27738969,-115.96320449,2
2011,2011-12-05,1209,12,4,12,1,N,A,Y,A,H,C,A,01,S,03,C,,,,,C,Y,N,D,3,0,0,0,22350.0,2,32.8034675,-115.5699647,4
2011,2011-12-07,26,12,4,0,3,N,A,N,A,H,C,A,01,E,01,E,,,,,I,Y,N,D,1,0,0,0,23152.0,1,32.79307018,-115.52640259,3
2011,2011-12-06,1106,12,4,11,2,Y,A,N,A,H,A,-,- ,,03,C,,,,,C,Y,N,D,1,0,0,0,22350.0,2,32.80062,-115.56144,4
2011,2011-12-07,1156,12,4,11,3,Y,A,Y,A,H,A,-,- ,,09,D,,,,,C,Y,N,D,2,0,0,0,21801.0,2,32.77693467,-115.55229252,4
2011,2011-12-08,1558,12,4,15,4,N,A,N,A,H,A,-,- ,S,03,C,,,,,C,Y,N,A,1,0,0,0,22350.0,2,32.80045117,-115.53569555,4
2011,2011-12-16,1417,12,4,14,5,Y,B,N,A,H,A,A,01,,09,D,,,,,C,Y,N,A,1,0,0,0,21802.0,2,32.79654,-115.5549825,4
2011,2011-12-23,925,12,4,9,5,-,A,N,A,H,A,A,01,,09,D,,,,,C,Y,N,A,1,0,0,0,21802.0,2,32.796549,-115.5592305,4
2011,2011-12-16,1233,12,4,12,5,N,B,N,A,H,A,-,- ,S,08,B,,,,,C,Y,N,D,2,0,0,0,22107.0,2,32.78843579,-115.5698213,3
2011,2011-12-12,1617,12,4,16,1,N,B,N,B,H,A,-,- ,W,03,C,,,,,C,Y,N,A,1,0,0,0,22350.0,2,32.97311491,-115.54042158,4
2011,2011-12-28,1249,12,4,12,3,N,A,Y,A,H,A,-,- ,N,03,C,,,,,C,Y,N,A,1,0,0,0,22350.0,2,32.80419165,-115.56975157,4
2011,2011-12-22,1448,12,4,14,4,N,A,N,A,H,A,A,01,W,08,D,,,,,C,Y,N,D,2,0,0,0,22107.0,2,32.77119264,-115.55335969,4
2011,2011-12-30,1258,12,4,12,5,N,A,N,A,H,A,-,- ,E,09,D,,,,,C,Y,N,D,3,0,0,0,21804.0,2,32.8111089,-115.57200248,4
2012,2012-01-09,1130,1,4,11,1,N,A,N,A,H,A,G,25,N,09,D,,,,Y,C,Y,N,D,1,0,0,0,21804.0,2,32.71139495,-115.53415418,4
2012,2012-01-14,555,1,4,5,6,N,A,N,A,H,D,D,22,N,08,F,,,,,I,Y,N,D,1,0,0,0,22107.0,1,32.79820477,-115.59497163,4
2011,2011-12-30,1830,12,4,18,5,N,A,N,A,H,D,A,08,S,08,F,,,,,A,Y,N,D,1,0,0,0,22107.0,1,32.81946413,-115.50128371,4
2012,2012-01-23,45,1,4,0,1,N,A,Y,A,H,D,D,22,S,01,C,,,,,C,Y,N,A,1,0,0,0,23152.0,2,32.78102692,-115.50134433,4
2012,2012-01-17,1725,1,4,17,2,Y,A,N,A,H,D,A,07,,17,D,,,,,C,Y,N,A,3,0,0,0,24250.0,2,32.70845491,-115.53410168,4
2011,2011-12-29,1027,12,4,10,4,Y,A,Y,A,H,A,-,- ,,12,D,,,,,D,Y,N,A,1,0,0,0,21453.0,2,32.96374143,-115.54839798,4
2011,2011-12-11,625,12,4,6,7,N,A,Y,A,H,A,A,08,E,09,H,,Y,,,G,N,F,A,1,0,1,0,21804.0,2,32.97864491,-115.54706545,3
2012,2012-01-02,1600,1,4,16,1,Y,A,N,A,H,A,A,01,,12,D,,,,,C,Y,N,A,2,0,0,0,22450.0,2,32.73025491,-115.4308717,4
2012,2012-01-03,815,1,4,8,2,N,A,N,A,H,A,A,01,N,08,F,,,,,A,Y,N,D,2,0,0,0,22107.0,1,32.87003215,-115.53559163,4
2012,2012-01-01,2305,1,4,23,7,N,A,Y,A,H,D,A,01,W,08,F,,,,,A,Y,N,D,1,0,0,0,22107.0,1,32.73462009,-115.16597802,3
2012,2012-02-17,1328,2,4,13,5,Y,A,N,A,H,A,A,07,,04,C,,,,,C,N,N,A,1,0,0,0,21703.0,3,32.76897189,-115.53518772,4
2012,2012-02-02,1417,2,4,14,4,Y,A,N,A,H,A,-,- ,,12,D,,,,,C,Y,N,A,1,0,0,0,21453.0,2,32.76142513,-115.53488553,4
2012,2012-02-18,2210,2,4,22,6,Y,A,N,A,H,C,A,01,,08,E,,,,,I,Y,N,A,1,0,0,0,22107.0,1,33.11117498,-115.50633609,3
2012,2012-02-12,1255,2,4,12,7,N,B,Y,A,H,A,A,01,W,08,F,,,,,A,Y,N,D,1,0,0,0,22107.0,1,32.7736731,-115.45515582,3
2012,2012-02-12,2230,2,4,22,7,N,A,Y,A,H,D,A,01,N,01,E,,,,,I,Y,N,D,1,0,0,0,23152.0,1,33.3547151,-116.0180185,3
2012,2012-02-20,1420,2,4,14,1,N,A,Y,A,H,A,C,02,S,08,F,,,Y,,A,Y,N,D,1,0,0,1,22107.0,1,33.22707327,-115.92278769,3
2012,2012-01-27,1613,1,4,16,5,N,A,Y,A,H,A,C,02,E,08,F,,,Y,,A,Y,N,D,1,0,0,1,22107.0,1,32.74012402,-115.96945711,2
2012,2012-01-16,1026,1,4,10,1,Y,A,N,A,H,A,A,01,,09,D,,,,,C,Y,N,D,1,0,0,0,21801.0,2,32.79464488,-115.56993176,4
2012,2012-01-25,1910,1,4,19,3,Y,A,N,A,H,C,A,08,,09,D,,,,,C,Y,N,D,3,0,0,0,21801.0,2,32.964246,-115.5093525,4
2012,2012-01-20,1730,1,4,17,5,N,A,N,A,G,C,L,04,W,06,B,,Y,,,G,Y,N,D,1,0,1,0,21754.0,3,32.79282486,-115.55311582,4
2012,2012-01-15,2100,1,4,21,7,N,A,N,A,H,C,-,- ,,08,D,,,,,C,Y,N,D,1,0,0,0,22100.0,2,32.79837488,-115.57868168,4
2012,2012-01-25,111,1,4,1,3,Y,A,N,A,H,C,A,01,,01,A,,,,,I,Y,N,D,1,0,0,0,23140.0,1,32.78643495,-115.57406174,3
2012,2012-01-30,1130,1,4,11,1,N,A,N,A,H,A,-,- ,S,03,C,,,,,C,N,N,D,1,0,0,0,22350.0,2,32.76782466,-115.56101203,4
2012,2012-01-17,1253,1,4,12,2,Y,A,N,A,H,A,A,01,,09,D,,,,,C,Y,N,A,1,0,0,0,21804.0,2,32.814711,-115.5708495,4
2012,2012-01-19,1649,1,4,16,4,N,A,N,A,H,C,L,04,N,05,D,,Y,,,G,N,F,D,1,0,1,0,21202.0,2,32.77912886,-115.55244197,4
2012,2012-01-23,1558,1,4,15,1,N,A,N,A,H,A,A,01,W,03,C,,,,,C,Y,N,D,1,0,0,0,22350.0,2,32.77718343,-115.56979544,3
2012,2012-01-24,1710,1,4,17,2,N,A,Y,A,H,A,D,22,N,08,F,,,,,A,Y,N,D,4,0,0,0,22107.0,1,33.16962671,-115.87854564,2
2012,2012-02-07,538,2,4,5,2,Y,B,Y,A,H,C,A,01,,12,D,,,,,C,Y,N,A,1,0,0,0,21453.0,3,32.66493183,-115.49723918,3
2012,2012-01-16,1430,1,4,14,1,N,A,N,A,H,A,J,48,S,22,A,,,,Y,E,Y,N,D,1,0,0,0,,2,32.88074974,-115.38038072,2
2012,2012-01-21,1850,1,4,18,6,Y,A,N,A,H,C,A,07,,09,D,,,,,C,Y,N,D,1,0,0,0,21801.0,2,32.7348149,-115.53458166,4
2012,2012-02-02,1225,2,4,12,4,N,A,Y,A,H,A,A,01,W,08,F,,,,,A,Y,N,D,1,0,0,0,22107.0,1,32.67946346,-115.65817181,4
2012,2012-01-28,1000,1,4,10,6,N,A,N,A,H,A,C,02,S,03,F,,,Y,,A,N,N,D,3,0,0,3,22350.0,2,32.98552271,-115.57842315,3
2012,2012-02-06,1005,2,4,10,1,N,A,N,A,H,A,L,04,N,08,H,,Y,,,G,N,N,D,1,0,1,0,22107.0,1,32.88402207,-114.8393444,2
2012,2012-02-04,1055,2,4,10,6,N,A,N,A,H,A,M,46,W,09,D,,,,,C,N,N,D,1,0,0,0,21804.0,2,32.7528419,-114.65128377,4
2012,2012-02-24,1045,2,4,10,5,N,A,N,A,H,A,M,46,N,21,C,,,Y,,C,Y,N,D,1,0,0,1,22106.0,2,32.84859274,-115.4233616,2
2012,2012-02-18,10,2,4,0,6,N,A,Y,A,H,D,D,22,E,01,F,,,,,A,Y,N,D,1,0,0,0,23152.0,1,32.773705,-115.51846279,2
2012,2012-01-09,957,1,4,9,1,Y,A,Y,A,H,A,A,01,,09,D,,,,,C,Y,N,A,1,0,0,0,21453.0,2,32.9712049,-115.54381157,4
2012,2012-01-08,1240,1,4,12,7,Y,A,N,A,H,A,A,01,,09,D,,,,,C,Y,N,A,3,0,0,0,21801.0,2,32.9786449,-115.52867172,3
2012,2012-02-13,1804,2,4,18,1,N,A,N,A,H,C,-,- ,S,08,B,,,,,C,Y,N,A,1,0,0,0,22100.0,2,32.81090994,-115.57000066,3
2012,2012-02-13,11,2,4,0,1,N,A,N,A,H,C,A,01,S,03,E,,,,,I,Y,N,A,2,0,0,0,22350.0,1,32.80361112,-115.57869163,4
2012,2012-02-10,1241,2,4,12,5,Y,A,N,A,H,A,-,- ,,22,H,,,,,A,Y,N,A,1,0,0,0,,2,32.79837488,-115.57868168,3
2012,2012-02-07,802,2,4,8,2,N,B,N,A,H,A,-,- ,S,03,C,,,,,D,N,N,D,1,0,0,0,22350.0,3,32.80142926,-115.56145163,4
2012,2012-02-19,147,2,4,1,7,N,A,N,A,H,C,-,- ,E,10,G,Y,,,,B,N,F,A,3,3,0,0,21950.0,4,32.79385493,-115.55912545,3
2012,2012-02-20,2107,2,4,21,1,N,A,N,A,H,C,-,- ,E,08,A,Y,,,,B,N,F,D,1,1,0,0,22107.0,2,32.78876158,-115.57732554,4
2012,2012-02-23,653,2,4,6,4,N,A,N,A,H,A,L,04,S,05,D,,Y,,,G,N,N,D,1,0,1,0,21202.0,2,32.7961168,-115.56997621,4
2012,2012-02-22,1505,2,4,15,3,N,A,N,A,H,A,A,01,W,09,D,,,Y,,C,N,N,D,1,0,0,1,21801.0,2,32.7928314,-115.5362081,4
2012,2012-02-06,1010,2,4,10,1,N,A,Y,A,H,A,C,02,S,08,F,,,Y,,A,N,N,D,1,0,0,1,22107.0,1,32.97918647,-115.57008795,4
2012,2012-03-04,1720,3,1,17,7,Y,A,N,A,H,A,D,22,,09,D,,,,,C,Y,N,A,3,0,0,0,21802.0,2,32.78142489,-115.62066175,3
2012,2012-02-24,1805,2,4,18,5,N,A,N,A,H,D,L,04,N,05,H,,Y,,,G,N,N,D,1,0,1,0,21650.0,2,32.85048518,-115.50991162,2
2012,2012-02-28,1435,2,4,14,2,Y,A,N,A,H,A,D,22,,09,D,,,,,C,Y,N,A,1,0,0,0,21802.0,2,32.88363495,-115.50988164,4
2012,2012-03-03,1148,3,1,11,6,N,A,N,A,H,A,D,22,N,01,F,,,,,I,Y,N,D,1,0,0,0,23152.0,1,33.06322961,-116.10099345,3
2012,2012-03-01,2055,3,1,20,4,N,A,Y,A,H,C,-,- ,W,18,E,,,,Y,I,Y,N,D,1,0,0,0,,1,32.73373647,-115.99599621,4
2012,2012-03-13,1545,3,1,15,2,N,A,Y,A,H,A,A,01,N,03,C,,,,,C,N,N,D,1,0,0,0,22350.0,2,32.76322415,-115.55209319,4
2012,2012-03-10,441,3,1,4,6,N,A,Y,A,H,D,A,01,E,08,F,,,,,A,Y,N,D,2,0,0,0,22107.0,1,32.77266944,-115.28360587,4
2011,2011-12-22,1701,12,4,17,4,Y,A,Y,A,H,C,-,- ,,09,D,,,,,C,Y,N,A,2,0,0,0,21801.0,2,32.97865299,-115.50131999,3
2012,2012-02-29,1339,2,4,13,3,N,A,Y,A,C,A,A,01,E,03,E,,,,,J,Y,N,D,1,0,0,0,22350.0,1,32.77396188,-115.55821092,4
2011,2011-10-10,730,10,3,7,1,Y,A,N,A,H,A,-,- ,,09,-,,,,,C,Y,N,-,1,0,0,0,21802.0,2,32.85369,-115.57239,4
2011,2011-10-21,1925,10,3,19,5,N,A,N,A,H,B,-,- ,N,07,B,,,,,C,Y,N,D,2,0,0,0,21658.0,2,,,4
2011,2011-12-29,842,12,4,8,4,Y,A,Y,A,H,A,E,,,09,D,,,,,C,Y,N,A,1,0,0,0,21804.0,2,32.85159082,-115.56909134,4
2011,2011-12-09,1814,12,4,18,5,Y,-,N,-,-,-,-,- ,,00,C,Y,,,,C,N,N,-,1,1,0,0,,3,33.3489,-115.72637,3
2011,2011-12-23,2308,12,4,23,5,N,-,N,-,-,-,-,- ,S,00,H,,,,,I,Y,N,-,1,0,0,0,,1,32.84002799,-115.59089363,4
2012,2012-02-09,505,2,4,5,4,N,A,N,A,H,D,J,48,E,08,F,,,,,A,Y,N,A,1,0,0,0,22107.0,1,32.92919856,-114.84452248,4
2012,2012-03-10,2110,3,1,21,6,Y,A,Y,A,H,C,D,22,,09,E,,,,,I,Y,M,A,2,0,0,0,21802.0,2,33.34580038,-116.01413077,4
2012,2012-03-13,636,3,1,6,2,N,A,N,A,H,B,A,01,S,08,F,,,,,A,Y,N,D,3,0,0,0,22107.0,1,32.87021305,-114.47853327,3
2012,2012-03-12,1650,3,1,16,1,N,A,N,A,H,A,L,04,W,08,F,,Y,,,A,Y,N,D,1,0,0,0,22107.0,2,32.7817949,-114.59928096,4
2012,2012-03-21,755,3,1,7,3,N,A,N,A,H,A,D,22,N,09,D,,,,Y,C,Y,N,D,1,0,0,0,21804.0,2,32.85041707,-115.71859256,3
2012,2012-03-24,1115,3,1,11,6,N,A,Y,A,H,A,A,01,S,08,B,,,,Y,C,Y,N,D,1,0,0,0,22107.0,2,33.16183091,-115.51907186,3
2012,2012-03-20,630,3,1,6,2,N,A,Y,A,H,B,D,22,N,07,F,,,,,I,Y,M,D,1,0,0,0,21658.0,2,33.38525109,-116.03583286,4
2012,2012-03-12,1505,3,1,15,1,N,A,Y,A,H,A,G,25,W,03,C,,,,Y,C,Y,N,A,4,0,0,0,22350.0,4,32.708175,-114.99543398,3
2012,2012-03-02,2500,3,1,25,5,Y,A,N,A,H,D,A,01,,12,F,,,,,A,Y,N,A,0,0,0,0,22450.0,1,32.95633495,-115.52675163,1
2012,2012-03-09,625,3,1,6,5,N,A,Y,A,H,A,D,22,S,09,C,,,,Y,C,Y,N,D,0,0,0,0,21804.0,2,33.13184415,-115.85812916,1
2012,2012-03-05,30,3,1,0,1,N,A,N,A,H,C,A,01,S,01,E,,,,,J,Y,N,A,1,0,0,0,23152.0,1,32.75033551,-115.53479531,3
2012,2012-03-02,1810,3,1,18,5,Y,A,Y,A,H,C,A,01,,09,D,,,,,C,Y,N,A,1,0,0,0,21801.0,2,32.75838781,-115.55196412,4
2012,2012-03-03,1612,3,1,16,6,Y,A,Y,A,H,A,A,01,,09,D,,,,,C,Y,N,A,4,0,0,0,21802.0,2,33.30271436,-115.9820126,2
2012,2012-03-09,1950,3,1,19,5,Y,A,Y,A,H,D,A,01,,09,D,,,,,C,Y,N,A,1,0,0,0,21802.0,2,32.76766278,-115.55224548,4
2012,2012-02-25,400,2,4,4,6,N,A,N,A,H,D,A,01,W,08,F,,,,,I,Y,N,D,1,0,0,0,22107.0,1,33.05186488,-115.63027148,2
2012,2012-02-24,2125,2,4,21,5,N,A,Y,A,H,A,A,01,E,08,F,,,,,A,Y,N,D,1,0,0,0,22107.0,1,32.64940245,-116.10257708,4
2012,2012-02-24,1528,2,4,15,5,N,A,Y,A,H,A,A,01,W,08,E,,,,,I,Y,N,D,1,0,0,0,22107.0,1,32.68984075,-116.06409443,4
2012,2012-04-13,640,4,1,6,5,N,A,Y,A,H,A,D,22,W,08,F,,,,,A,Y,N,D,1,0,0,0,22107.0,1,32.74369682,-114.70985976,1
2012,2012-04-25,2125,4,1,21,3,N,A,Y,A,H,D,N,60,S,11,G,Y,,,,B,N,N,A,0,0,0,0,21956.0,2,33.22906661,-115.51907857,1
2012,2012-04-21,655,4,1,6,6,N,A,Y,A,H,A,D,23,W,03,B,,,,,C,Y,N,D,4,0,0,0,22350.0,2,32.77402488,-115.57303622,1
2012,2012-06-01,515,6,2,5,5,Y,A,N,A,H,B,D,22,,12,D,,,,Y,C,Y,N,A,0,0,0,0,22450.0,2,32.91255489,-115.59492177,1
2012,2012-06-16,1725,6,2,17,6,N,A,Y,A,H,A,A,01,W,08,F,,,,,A,Y,N,D,0,0,0,0,22107.0,1,32.77403686,-115.67114837,1
2012,2012-06-22,1834,6,2,18,5,Y,A,N,A,H,A,A,01,,09,D,,,,,C,Y,N,A,4,0,0,0,21802.0,2,32.91255489,-115.59492177,1
2012,2012-03-31,1635,3,1,16,6,N,A,N,A,H,A,-,- ,E,18,F,,,Y,,A,N,N,A,0,0,0,0,,1,33.27394343,-116.04556561,1
2012,2012-01-11,1858,1,4,18,3,N,A,Y,A,H,C,L,04,S,05,H,,Y,,,G,N,N,A,0,0,0,0,21650.0,2,32.67008231,-115.49870155,1
2012,2012-01-17,1319,1,4,13,2,N,A,Y,A,H,A,N,60,S,11,G,Y,,,,B,N,N,A,0,0,0,0,21950.0,2,32.81085997,-115.57000032,1
2012,2012-02-24,1305,2,4,13,5,N,A,Y,A,H,A,A,07,N,03,C,,,,,C,Y,N,A,1,0,0,0,22350.0,2,32.79926631,-115.50070331,4
2012,2012-02-15,2335,2,4,23,3,N,B,N,B,H,D,A,07,S,08,C,,,,,C,Y,N,D,1,0,0,0,22107.0,2,33.00512678,-115.62292544,4
2012,2012-02-19,1515,2,4,15,7,N,A,Y,A,H,A,A,01,S,08,C,,,,,C,Y,N,A,1,0,0,0,22107.0,2,32.75223069,-115.50062155,4
2012,2012-02-22,2201,2,4,22,3,N,A,N,A,H,D,A,01,E,01,F,,,,,I,Y,N,D,1,0,0,0,23152.0,1,32.83284733,-115.32188732,2
2012,2012-02-27,855,2,4,8,1,N,A,N,A,H,A,A,01,N,08,F,,,,,A,Y,N,D,1,0,0,0,22107.0,1,32.73738521,-115.53458154,4
2012,2012-03-21,1534,3,1,15,3,N,A,N,A,H,A,L,04,W,05,H,,Y,,,G,N,N,D,1,0,1,0,21202.0,2,32.79378749,-115.56859638,4
2012,2012-03-16,2049,3,1,20,5,N,A,N,A,H,C,D,22,S,03,C,,,,,C,N,N,A,1,0,0,0,22350.0,3,32.79368921,-115.56992963,4
2011,2011-11-09,1609,11,3,16,3,Y,A,N,A,H,A,D,22,,09,D,,,Y,,C,Y,N,D,1,0,0,1,21801.0,2,32.792832,-115.564428,2
2012,2012-03-30,1534,3,1,15,5,N,A,Y,A,H,A,A,01,N,08,F,,,,,A,Y,N,A,3,0,0,0,22107.0,1,32.82489962,-115.50008329,4
2012,2012-03-06,640,3,1,6,2,N,A,N,A,H,A,A,01,S,08,E,,,,,I,Y,N,D,1,0,0,0,22107.0,1,32.91698,-114.84115,3
2012,2012-02-19,847,2,4,8,7,N,A,N,A,H,A,A,01,E,03,F,,,,,A,Y,N,D,2,0,0,0,22350.0,1,32.94193439,-114.85035016,3
2012,2012-02-18,1725,2,4,17,6,N,A,Y,A,H,A,-,- ,E,00,F,,,,,A,N,N,D,1,0,0,0,,1,33.14296117,-114.87425848,4
2012,2012-04-03,1430,4,1,14,2,Y,A,N,A,H,A,M,46,,09,D,,,,,C,Y,N,A,1,0,0,0,21804.0,2,32.94308491,-115.62172174,4
2012,2012-04-01,5,4,1,0,7,N,A,Y,A,H,D,A,01,W,08,F,,,,,J,Y,N,D,2,0,0,0,22107.0,1,32.77371082,-115.64711023,2
2012,2012-04-05,2220,4,1,22,4,Y,A,Y,A,H,C,A,01,,09,D,,,,,C,N,N,A,1,0,0,0,21802.0,2,32.84618943,-115.50725054,4
2012,2012-03-23,1445,3,1,14,5,N,A,Y,A,H,A,D,22,W,03,C,,,,Y,C,Y,N,A,2,0,0,0,22350.0,5,32.70826095,-114.98670659,4
2012,2012-03-22,1830,3,1,18,4,N,A,Y,A,H,B,D,22,E,07,C,,,,,C,Y,N,D,3,0,0,0,21658.0,2,32.6571517,-116.09836062,4
2012,2012-04-02,25,4,1,0,1,N,A,Y,A,H,D,A,01,S,01,B,,,,,C,Y,N,D,4,0,0,0,23152.0,2,33.36516314,-115.66049921,3
2012,2012-03-28,2052,3,1,20,3,Y,A,N,A,H,D,A,01,,12,D,,,,,C,Y,N,A,2,0,0,0,22450.0,2,32.69401487,-115.53399173,3
2012,2012-02-28,1021,2,4,10,2,Y,A,N,A,H,A,-,- ,,09,D,,,,,C,Y,N,D,2,0,0,0,21802.0,2,32.79177492,-115.55259162,4
2012,2012-08-20,1410,8,2,14,1,Y,A,Y,A,H,A,D,22,,09,D,,,,,C,Y,N,A,1,0,0,0,21802.0,2,32.69388487,-115.43099153,4
2012,2012-08-28,2104,8,2,21,2,N,A,Y,A,H,D,C,02,W,03,B,,,Y,,C,N,N,D,1,0,0,1,22350.0,2,32.73071918,-115.51537831,4