ACCIDENT_YEAR,COLLISION_DATE,COLLISION_TIME,MONTH,SEASON,24HOURS,DAY_OF_WEEK,INTERSECTION,WEATHER_1,STATE_HWY_IND,ROAD_SURFACE,ROAD_COND_1,LIGHTING,STWD_VEHTYPE_AT_FAULT,CHP_VEHTYPE_AT_FAULT,DIRECTION,PCF_VIOL_CATEGORY,TYPE_OF_COLLISION,PEDESTRIAN_ACCIDENT,BICYCLE_ACCIDENT,MOTORCYCLE_ACCIDENT,TRUCK_ACCIDENT,MVIW,TOW_AWAY,HIT_AND_RUN,CONTROL_DEVICE,NUMBER_INJURED,COUNT_PED_INJURED,COUNT_BICYCLIST_INJURED,COUNT_MC_INJURED,PCF_VIOLATION,PARTY_COUNT,POINT_Y,POINT_X,COLLISION_SEVERITY
2012,2012-11-13,1155,11,3,11,2,Y,A,Y,A,H,A,A,01,,09,A,,,,,C,Y,N,D,5,0,0,0,21801.0,2,32.67942214,-115.65606856,2
2012,2012-11-16,2300,11,3,23,5,N,A,Y,A,H,D,A,01,N,08,F,,,,,I,Y,N,D,1,0,0,0,22107.0,1,32.76164521,-115.55205754,3
2012,2012-10-15,1121,10,3,11,1,N,A,N,A,H,A,A,01,S,04,C,,,,,C,N,N,D,2,0,0,0,21703.0,2,32.9818109,-115.54366164,4
2012,2012-10-09,803,10,3,8,2,N,A,N,A,H,A,A,01,N,10,D,,Y,,,G,N,N,A,1,0,1,0,21950.0,2,32.97865277,-115.528669,3
2012,2012-12-09,1550,12,4,15,7,N,A,N,A,H,A,A,01,W,03,C,,,,,C,Y,N,D,1,0,0,0,22350.0,2,32.80447022,-115.4221847,4
2012,2012-12-06,605,12,4,6,4,N,A,Y,A,H,B,G,25,E,09,D,,,,Y,C,Y,N,A,1,0,0,0,21804.0,2,32.97865491,-115.4847722,3
2012,2012-12-06,1125,12,4,11,4,N,A,Y,A,H,A,A,01,W,03,C,,,,Y,C,N,M,A,1,0,0,0,22350.0,3,32.77370488,-115.55615156,4
2012,2012-11-14,739,11,3,7,3,N,A,N,A,H,A,A,08,E,10,G,Y,,,,B,N,N,D,1,1,0,0,21950.0,2,32.79278614,-115.56255988,4
2012,2012-11-19,1733,11,3,17,1,N,A,Y,A,H,C,-,- ,N,03,C,,,,,D,Y,N,A,2,0,0,0,22350.0,5,32.8095556,-115.5697783,4
2012,2012-12-14,731,12,4,7,5,Y,A,N,A,B,A,D,22,,09,D,,,,,C,N,N,D,1,0,0,0,21801.0,2,32.77838488,-115.56960166,4
2012,2012-12-13,2315,12,4,23,4,N,B,Y,B,H,D,D,22,E,01,F,,,,,A,Y,N,D,1,0,0,0,23152.0,1,32.71186998,-115.20591473,2
2012,2012-12-27,1750,12,4,17,4,N,A,Y,A,H,D,A,07,N,03,C,,,,,C,Y,N,D,1,0,0,0,22350.0,3,32.71734482,-115.49973744,4
2012,2012-12-21,1325,12,4,13,5,N,A,Y,A,H,A,F,26,N,08,F,,,,Y,A,Y,N,D,1,0,0,0,22107.0,1,33.35768383,-115.7511385,2
2012,2012-12-15,2303,12,4,23,6,Y,A,Y,A,H,C,G,25,,03,E,,,,Y,I,Y,N,A,1,0,0,0,22350.0,1,32.97460491,-115.44877156,3
2012,2012-12-26,1445,12,4,14,3,N,A,N,A,H,A,D,22,N,01,E,,,,,J,Y,N,D,1,0,0,0,23152.0,1,32.84023239,-115.44184103,3
2012,2012-12-24,925,12,4,9,1,N,A,Y,A,H,A,A,01,N,09,D,,,,,C,Y,N,D,1,0,0,0,21804.0,2,32.94886771,-115.53554034,4
2012,2012-12-19,1706,12,4,17,3,N,A,N,A,H,D,D,22,W,03,E,,,,,I,Y,N,D,1,0,0,0,22350.0,1,32.81110162,-115.5253866,4
2013,2013-01-04,1742,1,4,17,5,N,A,N,A,H,D,A,01,W,03,C,,,,,C,Y,N,A,3,0,0,0,22350.0,2,32.7669288,-115.5358653,4
2012,2012-12-27,824,12,4,8,4,Y,A,N,A,H,A,D,22,,09,D,,,,,C,Y,N,A,1,0,0,0,21802.0,3,32.79278495,-115.56442174,3
2012,2012-12-18,1442,12,4,14,2,Y,A,N,A,H,A,A,01,,09,D,,,,,C,Y,N,A,1,0,0,0,21803.0,3,32.97421496,-115.53306163,4
2013,2013-01-04,240,1,4,2,5,N,A,N,A,H,D,D,22,W,01,F,,,,,A,N,N,D,1,0,0,0,23152.0,1,32.87638699,-115.58209598,3
2012,2012-11-20,1600,11,3,16,2,N,A,N,A,H,A,A,07,E,08,F,,,,,A,Y,N,D,1,0,0,0,22107.0,1,32.79656258,-115.58905636,4
2012,2012-11-28,1515,11,3,15,3,N,A,N,A,H,A,A,01,S,03,C,,,,,C,Y,N,D,1,0,0,0,22350.0,2,32.70843025,-115.53410161,4
2012,2012-11-23,2100,11,3,21,5,N,A,Y,A,-,C,A,01,N,03,C,,,,,C,Y,N,A,1,0,0,0,22350.0,2,32.75256045,-115.5008731,4
2012,2012-11-24,1331,11,3,13,6,N,A,Y,A,H,A,A,01,S,03,C,,,,,C,Y,N,A,1,0,0,0,22350.0,2,32.75223069,-115.50062155,4
2012,2012-11-27,1353,11,3,13,2,Y,A,Y,A,H,A,A,01,,09,D,,,,,C,Y,N,A,2,0,0,0,21804.0,2,33.12577491,-115.85550164,4
2012,2012-12-03,1722,12,4,17,1,N,A,N,A,H,C,N,60,N,11,G,Y,,,,B,N,N,D,1,1,0,0,21954.0,2,32.7795788,-115.56963567,4
2012,2012-12-04,1416,12,4,14,2,Y,A,N,A,H,A,A,01,,09,D,,,Y,,C,N,N,A,1,0,0,1,21801.0,2,32.80383489,-115.5506617,4
2012,2012-12-03,733,12,4,7,1,N,A,N,A,H,A,L,04,S,05,D,,Y,,,G,N,N,D,1,0,1,0,21650.0,2,32.78398572,-115.56130123,3
2012,2012-12-01,1149,12,4,11,6,Y,A,N,A,H,A,A,01,,09,D,,,Y,,C,N,N,A,1,0,0,1,21800.0,2,32.79075486,-115.55696176,3
2013,2013-01-11,9,1,4,0,5,N,A,Y,A,H,D,G,25,W,08,F,,,,Y,A,Y,N,D,1,0,0,0,22107.0,1,32.7285212,-115.1464186,4
2013,2013-01-12,1720,1,4,17,6,N,A,Y,A,H,D,A,01,S,03,C,,,,,C,N,N,D,1,0,0,0,22350.0,2,32.6825111,-115.3894088,4
2013,2013-01-14,900,1,4,9,1,Y,A,Y,A,H,A,D,22,,09,D,,,,,C,Y,N,A,2,0,0,0,21802.0,2,32.9746049,-115.4487716,4
2013,2013-01-18,25,1,4,0,5,N,A,Y,A,H,D,G,25,S,03,C,,,,Y,C,Y,N,D,1,0,0,0,22350.0,2,33.3607475,-116.0199132,4
2013,2013-01-13,930,1,4,9,7,N,A,N,A,G,A,D,22,N,03,A,,,Y,,C,Y,N,D,2,0,0,1,22350.0,3,32.8071358,-115.9660621,2
2013,2013-01-23,515,1,4,5,3,N,A,Y,A,H,D,A,01,E,03,C,,,,Y,C,Y,N,D,1,0,0,0,22350.0,2,32.773195,-115.3261679,4
2013,2013-01-24,1445,1,4,14,4,Y,B,Y,A,H,A,D,22,,09,D,,,,,C,Y,N,D,1,0,0,0,21804.0,2,,,3
2012,2012-12-19,1246,12,4,12,3,Y,A,Y,A,H,A,-,- ,,04,C,,,,,C,N,N,A,2,0,0,0,21703.0,2,32.77370488,-115.53092156,4
2012,2012-12-26,745,12,4,7,3,Y,A,N,A,H,A,A,07,,09,D,,,,,C,Y,N,D,1,0,0,0,21804.0,2,32.7917749,-115.5547517,4
2012,2012-12-29,1358,12,4,13,6,N,A,Y,A,H,A,A,01,N,09,D,,,,,C,Y,N,D,1,0,0,0,21801.0,2,32.78490471,-115.55256008,4
2012,2012-12-21,1303,12,4,13,5,N,A,Y,A,H,A,A,01,S,03,C,,,,,C,Y,N,D,1,0,0,0,22350.0,2,32.80303268,-115.5699716,4
2013,2013-01-12,525,1,4,5,6,N,A,Y,A,H,D,A,01,N,08,F,,,,,A,Y,N,D,1,0,0,0,22107.0,1,33.2276174,-115.519072,3
2013,2013-01-19,1115,1,4,11,6,N,A,Y,A,H,A,A,01,S,03,C,,,,,C,N,N,D,1,0,0,0,22350.0,2,32.732561,-115.5515022,4
2013,2013-04-01,1510,4,1,15,1,Y,A,N,A,H,A,F,26,,09,D,,,,Y,C,Y,N,A,3,0,0,0,21802.0,2,32.8037749,-115.4305217,1
2013,2013-04-01,2150,4,1,21,1,N,G,Y,A,H,D,N,60,W,11,G,Y,,,,B,Y,N,D,0,0,0,0,21956.0,2,32.7091257,-116.0538443,1
2013,2013-03-22,1342,3,1,13,5,Y,A,N,A,H,A,A,01,,12,D,,,,,C,Y,N,A,1,0,0,0,22450.0,2,32.7521249,-115.4650217,1
2013,2013-03-04,550,3,1,5,1,N,A,N,A,H,B,A,07,N,05,D,,,,Y,C,Y,F,D,1,0,0,0,21650.0,3,32.8564351,-115.6208375,1
2013,2013-04-03,1400,4,1,14,3,N,A,Y,A,H,A,D,22,W,08,A,,,,Y,C,Y,N,D,2,0,0,0,22107.0,2,32.7233123,-115.1283154,1
2013,2013-05-04,1630,5,1,16,6,Y,A,Y,A,H,A,D,22,,09,D,,,,,C,Y,N,A,1,0,0,0,21802.0,2,,,1
2013,2013-04-24,1430,4,1,14,3,Y,A,N,A,H,A,D,22,,09,D,,,,Y,C,Y,N,A,2,0,0,0,21802.0,2,32.8473649,-115.4839016,1
2013,2013-05-25,1140,5,1,11,6,N,A,Y,A,H,A,D,22,W,03,C,,,,,C,Y,N,D,1,0,0,0,22350.0,2,32.7539235,-114.7980548,1
2013,2013-06-29,2500,6,2,25,6,N,A,Y,A,H,A,D,22,N,08,E,,,,,I,Y,N,D,0,0,0,0,22107.0,1,33.2709928,-115.9580737,1
2013,2013-06-30,510,6,2,5,7,N,B,Y,A,H,B,A,01,N,08,E,,,,,I,Y,N,D,3,0,0,0,22107.0,1,32.8775179,-115.5703216,1
2013,2013-07-28,1350,7,2,13,7,N,A,N,A,H,A,A,01,E,01,F,,,,,A,Y,N,D,0,0,0,0,23152.0,1,32.75282,-114.6472214,1
2013,2013-07-25,2205,7,2,22,4,Y,A,Y,A,H,C,A,01,,09,D,,,,,D,Y,N,A,1,0,0,0,21802.0,2,32.9746049,-115.4487716,1
2013,2013-07-18,820,7,2,8,4,Y,A,N,A,H,A,A,07,,09,D,,,,,C,Y,N,D,2,0,0,0,21803.0,2,32.9808749,-115.5220517,1
2013,2013-09-15,1754,9,3,17,7,N,A,Y,A,H,A,A,01,E,08,F,,,,,I,Y,N,A,0,0,0,0,22107.0,1,32.7426984,-115.5516943,1
2012,2012-11-21,710,11,3,7,3,N,A,N,A,H,A,D,22,E,03,G,Y,,,,B,N,N,-,0,0,0,0,22350.0,2,32.6890685,-115.49525604,1
2013,2013-09-16,545,9,3,5,1,N,A,Y,A,H,D,G,27,E,08,E,,,,Y,I,Y,N,D,0,0,0,0,22107.0,1,32.7505435,-115.9086272,1
2013,2013-04-02,556,4,1,5,2,N,A,N,A,H,B,N,60,E,11,G,Y,,,,B,Y,N,D,1,0,0,0,21950.0,2,32.8255949,-115.5749727,1
2013,2013-10-04,720,10,3,7,5,N,A,Y,A,H,A,A,01,W,08,C,,,,Y,E,Y,N,D,2,0,0,0,22107.0,2,32.6938349,-115.4167084,1
2013,2013-11-16,2020,11,3,20,6,N,A,Y,A,H,D,A,01,S,01,A,,,,,C,Y,N,D,1,0,0,0,23152.0,2,32.7241297,-115.5004358,1
2013,2013-12-22,1010,12,4,10,7,N,A,Y,A,H,A,D,22,W,08,E,,,,,I,Y,N,D,0,0,0,0,22107.0,1,32.7345976,-114.896497,1
2013,2013-11-03,345,11,3,3,7,N,A,Y,A,H,D,C,02,S,03,C,,,Y,,C,Y,N,D,1,0,0,0,22350.0,2,32.7455624,-115.5005434,1
2014,2014-02-02,200,2,4,2,7,N,A,Y,A,H,D,D,22,E,08,E,,,,,I,Y,N,D,0,0,0,0,22107.0,1,32.77352744,-115.41021554,1
2012,2012-11-15,1138,11,3,11,4,N,A,N,A,H,A,A,01,N,08,F,,,,,A,Y,N,D,1,0,0,0,22107.0,1,33.00350392,-115.62392386,4
2013,2013-02-08,935,2,4,9,5,Y,A,Y,A,H,A,A,01,,12,A,,,,,C,Y,N,A,2,0,0,0,21453.0,2,32.7812189,-115.5015938,4
2013,2013-02-04,1010,2,4,10,1,N,A,Y,A,H,A,A,01,N,08,B,,,,Y,C,Y,N,D,1,0,0,0,22107.0,2,33.1628447,-115.5190716,4
2013,2013-02-01,2130,2,4,21,5,N,A,N,A,H,D,D,22,N,03,E,,,,,I,Y,N,D,1,0,0,0,22350.0,1,32.7669337,-115.5179671,4
2013,2013-02-07,1011,2,4,10,4,Y,A,Y,A,H,A,A,01,,12,A,,,,,C,Y,N,A,1,0,0,0,21453.0,2,32.8110338,-115.5697925,3
2013,2013-02-04,928,2,4,9,1,Y,A,Y,A,H,A,A,01,,09,D,,,,,C,N,N,D,1,0,0,0,21801.0,3,32.7962687,-115.5540605,4
2013,2013-01-28,400,1,4,4,1,N,E,Y,A,H,D,D,22,S,03,E,,,,,I,Y,N,A,1,0,0,0,22350.0,1,,,4
2012,2012-12-11,1544,12,4,15,2,N,A,N,A,H,A,C,02,W,03,E,,,Y,,I,N,N,D,1,0,0,1,22350.0,1,32.96896622,-115.54305464,3
2013,2013-02-12,1955,2,4,19,2,N,A,Y,A,H,D,A,01,E,03,C,,,,,C,Y,N,D,1,0,0,0,22350.0,2,32.7734587,-115.2990233,3
2013,2013-02-08,230,2,4,2,5,N,F,Y,A,H,D,D,22,E,08,E,,,,,I,Y,N,D,1,0,0,0,22107.0,1,32.6549926,-116.0979651,2
2012,2012-12-09,1535,12,4,15,7,N,A,Y,A,H,A,A,01,S,08,E,,,,,I,Y,N,D,1,0,0,0,22107.0,1,32.89393326,-115.57003539,4
2012,2012-12-07,1428,12,4,14,5,N,A,Y,A,H,A,A,07,E,08,F,,,,,A,Y,N,D,1,0,0,0,22107.0,1,32.7737049,-115.52869059,3
2013,2013-02-14,1620,2,4,16,4,Y,A,N,A,H,A,D,22,,09,D,,,Y,,C,Y,N,A,1,0,0,1,21802.0,2,32.7887149,-115.5823917,2
2012,2012-12-17,1909,12,4,19,1,Y,A,N,A,H,D,A,07,,03,C,,,,,C,Y,N,A,1,0,0,0,22350.0,2,32.73064487,-115.56033168,4
2012,2012-12-21,1200,12,4,12,5,N,A,N,A,H,A,A,01,W,03,C,,,,,C,Y,N,D,2,0,0,0,22350.0,2,32.76693041,-115.53754731,4
2012,2012-12-26,810,12,4,8,3,N,A,N,A,H,A,A,01,W,08,F,,,,,A,Y,N,D,1,0,0,0,22107.0,1,32.79109299,-115.74942859,4
2012,2012-12-18,1925,12,4,19,2,N,A,Y,A,H,D,A,07,E,08,F,,,,,A,Y,N,D,1,0,0,0,22107.0,1,32.69447488,-115.29028151,4
2012,2012-12-20,1725,12,4,17,4,N,A,Y,A,H,D,A,01,W,03,C,,,,,C,Y,N,D,4,0,0,0,22350.0,3,32.73385592,-115.5515285,4
2012,2012-12-21,2305,12,4,23,5,N,B,Y,A,H,D,A,01,N,01,E,,,,,I,N,M,D,1,0,0,0,23152.0,1,33.3526676,-116.01738747,3
2012,2012-12-17,952,12,4,9,1,N,A,Y,A,H,A,A,01,S,03,C,,,,,C,N,N,D,1,0,0,0,22350.0,2,32.72990789,-115.50028155,4
2012,2012-12-22,1800,12,4,18,6,N,A,Y,A,H,D,A,01,W,08,F,,,,,A,Y,N,D,3,0,0,0,22107.0,1,32.66725485,-115.87479398,4
2013,2013-02-13,1815,2,4,18,3,Y,A,N,A,H,C,A,01,,09,D,,,,,C,Y,N,A,2,0,0,0,21802.0,2,32.979213,-115.5819195,4
2013,2013-02-20,2047,2,4,20,3,N,A,Y,A,H,C,D,22,W,01,F,,,,,A,Y,N,A,1,0,0,0,23152.0,1,32.7736649,-115.5393316,3
2013,2013-02-20,915,2,4,9,3,Y,A,Y,A,H,A,A,01,,12,D,,,,,C,Y,N,A,1,0,0,0,21453.0,2,32.8462757,-115.5069561,4
2013,2013-03-02,935,3,1,9,6,N,A,Y,A,H,A,A,07,W,05,D,,,,Y,C,Y,N,A,2,0,0,0,21752.0,2,32.6792257,-115.6387171,3
2013,2013-02-25,2150,2,4,21,1,N,A,Y,A,H,E,G,25,S,08,E,,,,Y,I,Y,N,D,1,0,0,0,22107.0,1,32.9446305,-115.406286,4
2013,2013-03-12,846,3,1,8,2,N,A,Y,A,H,A,A,01,E,03,C,,,,,C,Y,N,D,6,0,0,0,22350.0,5,32.7387749,-114.6682745,3
2012,2012-11-02,1820,11,3,18,5,N,A,Y,A,H,D,A,01,W,03,C,,,,,C,Y,N,D,1,0,0,0,22350.0,2,32.69375765,-115.39915542,4
2012,2012-11-16,1810,11,3,18,5,N,A,Y,A,H,D,A,07,S,01,E,,,,,I,Y,N,D,1,0,0,0,23152.0,1,32.72734398,-114.72069811,3
2012,2012-11-16,1543,11,3,15,5,N,B,Y,A,D,A,-,- ,W,03,C,,,,,C,Y,M,A,2,0,0,0,22350.0,2,32.73162728,-114.90325155,4
2012,2012-12-19,750,12,4,7,3,Y,A,N,A,H,A,F,26,,09,D,,,,Y,C,Y,N,D,1,0,0,0,21800.0,2,32.98327495,-115.54591173,4
2012,2012-12-14,747,12,4,7,5,Y,A,N,A,-,A,F,26,,- ,-,Y,,,Y,B,N,N,A,1,1,0,0,,2,32.97311499,-115.53500169,3
2012,2012-10-28,743,10,3,7,7,N,A,Y,A,H,A,A,01,E,08,F,,,,,A,Y,N,D,6,0,0,0,22107.0,1,32.73870971,-114.66940368,3
2013,2013-02-26,751,2,4,7,2,Y,A,Y,A,H,A,D,22,,12,D,,,,,C,N,N,A,3,0,0,0,21453.0,2,32.7964649,-115.5607955,4
2013,2013-02-04,1935,2,4,19,1,N,A,N,A,H,D,A,01,E,08,F,,,,,A,Y,N,D,1,0,0,0,22107.0,1,32.6797289,-115.4208371,4
2013,2013-01-25,1402,1,4,14,5,N,A,Y,B,H,A,-,- ,S,08,D,,,,,C,N,N,D,1,0,0,0,22100.0,2,32.7871785,-115.5524916,4
2013,2013-01-05,1425,1,4,14,6,Y,A,N,A,H,A,A,01,,09,D,,Y,,,G,N,N,A,1,0,1,0,21800.0,2,32.7938649,-115.5569617,4
2013,2013-01-14,1948,1,4,19,1,N,A,N,A,B,D,A,01,N,01,-,,,,,I,Y,N,D,1,0,0,0,23152.0,1,32.8043798,-115.5357116,3
2013,2013-01-11,1804,1,4,18,5,N,A,Y,A,H,C,-,- ,N,03,C,,,,,C,N,N,A,1,0,0,0,22350.0,2,32.7966459,-115.5700716,4
2013,2013-01-17,1435,1,4,14,4,Y,A,N,A,H,A,-,- ,,12,D,,,,,C,Y,N,A,2,0,0,0,21453.0,3,32.796545,-115.5786717,3
2013,2013-01-21,1929,1,4,19,1,Y,A,N,A,H,C,-,- ,,09,D,,,,,C,Y,N,D,1,0,0,0,21802.0,2,32.7983649,-115.5571216,4
2013,2013-01-21,1815,1,4,18,1,Y,A,N,A,H,C,-,- ,,10,B,Y,,,,B,N,N,A,1,1,0,0,21950.0,2,32.7783849,-115.5696017,3
2013,2013-01-28,1837,1,4,18,1,N,A,N,A,H,C,-,- ,,09,D,,,,,C,Y,N,A,1,0,0,0,21804.0,2,32.814711,-115.569792,4
2013,2013-02-27,806,2,4,8,3,N,A,N,A,H,A,L,04,E,12,B,,Y,,,G,N,F,A,1,0,1,0,22450.0,2,32.7897155,-115.5675969,3
2012,2012-08-06,1239,8,2,12,1,N,A,Y,A,H,A,-,- ,N,03,B,,,,,C,Y,N,-,3,0,0,0,22350.0,2,32.86869224,-115.57014207,4
2012,2012-10-27,355,10,3,3,6,N,-,Y,A,H,D,A,01,W,08,F,,,,,A,Y,N,D,2,0,0,0,22107.0,1,32.77327691,-115.74556188,2
2012,2012-12-02,1930,12,4,19,7,Y,A,N,A,H,C,A,07,,09,D,,,,,C,Y,N,A,3,0,0,0,21802.0,2,32.73786953,-115.53010941,4
2012,2012-12-13,930,12,4,9,4,Y,A,Y,A,H,A,A,07,,09,D,,,,,C,Y,N,A,1,0,0,0,21802.0,2,32.69388487,-115.43099153,4
2012,2012-12-05,330,12,4,3,3,N,A,Y,A,H,D,A,01,N,08,F,,,,,A,Y,N,D,1,0,0,0,22107.0,1,32.92569637,-115.50898086,4
2012,2012-12-24,2350,12,4,23,1,N,A,N,A,H,C,A,01,N,01,E,,,,,I,Y,M,D,1,0,0,0,23152.0,1,33.00671711,-115.56144537,3
2012,2012-12-31,1410,12,4,14,1,N,A,Y,A,H,A,A,01,S,09,D,,,,,C,Y,N,A,5,0,0,0,21804.0,2,32.95880232,-115.55133224,3
2012,2012-12-27,1012,12,4,10,4,N,A,Y,A,H,A,A,01,W,08,E,,,,,I,Y,N,D,1,0,0,0,22107.0,1,32.73026364,-114.90633048,3
2012,2012-12-26,1435,12,4,14,3,N,A,N,A,A,A,J,41,E,05,B,,,,,C,Y,N,D,1,0,0,0,21752.0,2,,,3
2012,2012-10-19,1853,10,3,18,5,N,A,Y,A,H,C,-,- ,S,01,A,,,,,C,Y,N,A,2,0,0,0,23152.0,2,32.82521159,-115.56979985,2
2012,2012-12-07,1417,12,4,14,5,N,A,N,A,H,A,A,01,N,10,G,Y,,,,B,N,N,D,1,1,0,0,21954.0,2,32.79213834,-115.55475509,2
2012,2012-12-14,903,12,4,9,5,N,A,Y,A,H,A,-,- ,N,09,D,,,,,C,Y,N,D,1,0,0,0,21801.0,2,32.77945037,-115.5696325,4
2012,2012-12-17,1854,12,4,18,1,Y,A,Y,A,H,C,A,01,,10,G,Y,,,,B,N,N,A,1,1,0,0,21950.0,2,32.79464488,-115.56993176,3
2012,2012-12-16,1745,12,4,17,7,N,A,N,A,H,C,-,- ,N,03,C,,,,,C,N,N,A,1,0,0,0,22350.0,3,32.76940793,-115.53520203,4
2012,2012-12-18,742,12,4,7,2,N,B,N,A,H,A,-,- ,E,05,A,,,,,C,Y,N,D,1,0,0,0,21650.0,2,32.77850485,-115.55120561,4
2012,2012-12-14,2042,12,4,20,5,Y,B,N,B,H,C,-,- ,,12,D,,,,,C,Y,F,A,1,0,0,0,21453.0,2,32.77737488,-115.57838172,4
2012,2012-12-13,822,12,4,8,4,Y,A,N,A,H,A,-,- ,,08,B,,,,,C,N,N,D,1,0,0,0,22100.0,2,32.77756493,-115.56180171,4
2012,2012-10-19,2354,10,3,23,5,N,A,N,A,H,C,-,- ,S,01,C,,,,,C,N,N,A,2,0,0,0,23152.0,2,32.79824726,-115.57006163,4
2012,2012-10-16,825,10,3,8,2,Y,A,N,A,H,A,A,01,,09,D,,,,,C,N,N,D,2,0,0,0,21801.0,2,32.79282491,-115.54418168,2
2012,2012-10-02,1710,10,3,17,2,N,A,N,A,H,A,-,- ,E,03,C,,,,,C,Y,N,D,2,0,0,0,22350.0,2,32.79645525,-115.55463195,4
2012,2012-10-19,1424,10,3,14,5,N,A,N,A,H,A,A,01,S,03,C,,,,,C,N,N,D,1,0,0,0,22350.0,3,32.77941488,-115.56963164,4
2012,2012-10-14,1812,10,3,18,7,Y,A,N,A,H,C,A,01,,09,D,,,,,C,N,N,D,1,0,0,0,21802.0,2,32.78489495,-115.56976163,4
2012,2012-12-10,824,12,4,8,1,N,A,Y,A,H,A,A,01,N,21,C,,,,,C,N,N,A,1,0,0,0,22106.0,2,32.96006813,-115.55054422,4
2012,2012-09-04,1518,9,3,15,2,Y,A,N,A,H,A,-,- ,,12,D,,,,,C,Y,N,D,2,0,0,0,22450.0,2,32.84746488,-115.56141171,4
2012,2012-09-07,1110,9,3,11,5,N,A,Y,A,H,A,-,- ,S,04,C,,,,,C,Y,N,D,2,0,0,0,21703.0,3,32.84731649,-115.56907315,3
2012,2012-09-09,1622,9,3,16,7,N,A,N,A,-,A,A,,W,09,D,,,,,C,Y,N,A,1,0,0,0,21801.0,3,32.97498488,-115.51273995,4
2012,2012-11-21,1230,11,3,12,3,Y,A,N,A,H,A,A,01,,10,G,Y,,,,B,N,N,A,1,1,0,0,21950.0,2,32.97865493,-115.53205172,4
2012,2012-10-18,2021,10,3,20,4,Y,A,Y,A,H,C,A,01,,03,C,,,,,C,Y,N,-,2,0,0,0,22350.0,2,32.9786449,-115.54660268,4
2013,2013-01-04,1945,1,4,19,5,N,A,N,A,H,D,A,07,S,08,H,,,,,J,Y,N,D,1,0,0,0,22107.0,1,32.7663131,-115.4734876,4
2013,2013-01-01,1330,1,4,13,2,N,A,Y,A,H,A,A,01,S,08,E,,,,,I,N,N,D,2,0,0,0,22107.0,1,32.8539582,-115.4061836,4
2013,2013-01-05,1810,1,4,18,6,N,A,Y,A,H,D,A,01,,08,E,,,,,I,Y,N,D,2,0,0,0,22107.0,1,32.6783413,-115.6748481,4
2013,2013-01-07,757,1,4,7,1,N,A,N,A,H,A,-,- ,E,10,G,Y,,,,B,N,N,D,1,1,0,0,21950.0,2,32.7840079,-115.5612926,3
2013,2013-03-15,1730,3,1,17,5,N,A,Y,A,H,A,A,01,W,03,C,,,,,-,Y,N,A,3,0,0,0,22350.0,3,32.7418749,-114.6849714,2
2013,2013-01-03,610,1,4,6,4,N,A,N,A,H,D,A,01,N,08,E,,,,,I,Y,N,D,1,0,0,0,22107.0,1,33.083316,-115.5087776,4
2013,2013-01-09,1800,1,4,18,3,N,A,N,A,H,C,A,07,S,08,F,,,,,A,Y,N,D,1,0,0,0,22107.0,1,32.7149039,-115.5255987,4
2013,2013-01-12,1900,1,4,19,6,N,A,N,A,H,D,A,01,W,01,E,,,,,I,Y,N,D,1,0,0,0,23152.0,1,32.876415,-115.5631806,4
2013,2013-01-12,1445,1,4,14,6,N,A,N,A,H,A,C,02,N,08,F,,,Y,,A,N,N,D,1,0,0,1,22107.0,1,33.0026064,-115.6240437,4
2013,2013-01-11,1345,1,4,13,5,N,A,Y,A,H,A,A,01,S,03,C,,,,,D,Y,N,A,3,0,0,0,22350.0,3,32.7522307,-115.5006215,3
2013,2013-01-07,1104,1,4,11,1,N,A,Y,A,H,A,A,01,E,08,F,,,,,A,Y,N,D,4,0,0,0,22107.0,1,32.7542329,-115.2279274,4
2013,2013-03-06,1030,3,1,10,3,N,A,N,A,H,A,A,07,W,03,F,,,,,A,Y,N,D,2,0,0,0,22350.0,1,32.7966472,-115.5135902,3
2013,2013-03-01,1205,3,1,12,5,N,A,Y,A,H,A,A,08,N,04,C,,,,,C,N,N,A,1,0,0,0,21703.0,2,32.7087836,-115.4995715,4
2013,2013-03-02,1450,3,1,14,6,Y,A,Y,A,H,A,A,01,,09,D,,,,,C,Y,N,D,3,0,0,0,21801.0,2,33.0301349,-115.6091616,3
2013,2013-03-10,635,3,1,6,7,N,A,Y,A,H,A,A,01,W,08,F,,,,,A,Y,N,D,1,0,0,0,22107.0,1,32.7557016,-115.8717988,4
2013,2013-03-06,1745,3,1,17,3,N,A,Y,A,H,D,A,01,W,08,F,,,,,A,Y,N,D,1,0,0,0,22107.0,1,32.6767514,-115.7699104,4
2013,2013-03-06,1855,3,1,18,3,N,A,Y,A,H,A,A,01,S,09,F,,,Y,,A,N,N,D,1,0,0,1,21802.0,2,32.7718379,-115.3837911,3
2013,2013-02-18,1517,2,4,15,1,N,A,N,A,H,A,M,46,W,08,B,,,,,C,N,N,D,2,0,0,0,22107.0,2,32.7518849,-115.4187533,3
2013,2013-02-14,703,2,4,7,4,N,A,N,A,H,A,A,01,W,08,F,,,,,A,Y,N,D,1,0,0,0,22107.0,1,32.7087248,-115.5081042,3
2013,2013-03-07,2135,3,1,21,4,N,A,N,A,H,D,A,08,N,01,E,,,,,J,Y,N,D,1,0,0,0,23152.0,1,32.7564533,-115.4650215,3
2013,2013-03-08,2215,3,1,22,5,Y,A,N,A,H,D,A,08,,12,D,,,,,C,Y,N,A,3,0,0,0,22450.0,2,32.8617449,-115.5356117,2
2013,2013-03-02,1415,3,1,14,6,N,A,Y,A,H,A,-,- ,S,03,C,,,,,C,Y,N,D,1,0,0,0,22350.0,4,32.7715363,-115.5521645,4