ACCIDENT_YEAR,COLLISION_DATE,COLLISION_TIME,MONTH,SEASON,24HOURS,DAY_OF_WEEK,INTERSECTION,WEATHER_1,STATE_HWY_IND,ROAD_SURFACE,ROAD_COND_1,LIGHTING,STWD_VEHTYPE_AT_FAULT,CHP_VEHTYPE_AT_FAULT,DIRECTION,PCF_VIOL_CATEGORY,TYPE_OF_COLLISION,PEDESTRIAN_ACCIDENT,BICYCLE_ACCIDENT,MOTORCYCLE_ACCIDENT,TRUCK_ACCIDENT,MVIW,TOW_AWAY,HIT_AND_RUN,CONTROL_DEVICE,NUMBER_INJURED,COUNT_PED_INJURED,COUNT_BICYCLIST_INJURED,COUNT_MC_INJURED,PCF_VIOLATION,PARTY_COUNT,POINT_Y,POINT_X,COLLISION_SEVERITY
2013,2013-03-06,735,3,1,7,3,Y,A,N,A,H,A,-,- ,,00,D,,,,,C,Y,N,D,1,0,0,0,,2,32.7974649,-115.5592617,4
2013,2013-03-08,1729,3,1,17,5,N,G,N,A,H,A,A,07,W,09,D,,,,,C,Y,N,A,1,0,0,0,21801.0,2,32.7945949,-115.5787296,4
2013,2013-03-08,655,3,1,6,5,N,G,N,B,H,A,A,01,N,10,A,Y,,,,B,N,N,D,1,1,0,0,21950.0,2,32.78905,-115.5635446,4
2013,2013-03-06,1858,3,1,18,3,N,A,Y,A,H,C,-,- ,N,03,C,,,,,C,Y,N,D,2,0,0,0,22350.0,3,32.7996997,-115.5700392,4
2013,2013-03-11,1109,3,1,11,1,N,A,N,A,H,A,N,60,N,09,G,Y,,,,B,N,N,D,1,1,0,0,21804.0,2,32.7928522,-115.547861,4
2013,2013-01-21,600,1,4,6,1,N,A,Y,A,H,D,A,01,N,01,F,,,,,A,Y,N,D,1,0,0,0,23152.0,1,32.7393624,-115.5006872,3
2013,2013-01-24,1250,1,4,12,4,N,B,Y,A,H,A,A,01,S,03,C,,,,,C,N,N,A,1,0,0,0,22350.0,3,32.6937549,-115.3870936,4
2013,2013-01-03,1855,1,4,18,4,N,A,N,A,H,D,A,01,S,08,E,,,,,I,Y,N,D,4,0,0,0,22107.0,1,33.0611563,-114.9142978,3
2013,2013-01-19,825,1,4,8,6,N,A,Y,A,H,A,A,01,W,08,E,,,,,I,Y,N,D,1,0,0,0,22107.0,1,32.7351613,-114.8949822,3
2013,2013-03-02,1857,3,1,18,6,N,A,Y,A,H,C,A,07,E,03,C,,,,,C,N,N,A,1,0,0,0,22350.0,2,32.7991951,-115.5004297,4
2013,2013-02-08,732,2,4,7,5,Y,A,N,A,H,A,L,04,,05,D,,Y,,,G,N,N,D,1,0,1,0,21650.0,2,32.7877549,-115.5440117,4
2013,2013-02-24,2205,2,4,22,7,N,A,N,A,H,D,A,01,E,03,E,,,,,J,Y,N,D,1,0,0,0,22350.0,1,32.8837238,-115.5863792,4
2013,2013-02-25,1436,2,4,14,1,N,A,N,A,H,A,A,01,E,08,H,,,,,A,Y,N,D,1,0,0,0,22107.0,1,32.79109575,-115.75537562,4
2013,2013-03-08,1705,3,1,17,5,Y,A,N,A,H,B,D,22,,09,D,,,,,D,Y,N,A,10,0,0,0,21802.0,3,32.7302549,-115.4308717,2
2013,2013-03-13,1405,3,1,14,3,Y,A,Y,A,H,A,A,01,,03,E,,,,,J,Y,N,A,1,0,0,0,22350.0,2,32.6938849,-115.4309915,4
2013,2013-03-16,2007,3,1,20,6,Y,A,Y,A,H,C,G,27,,09,D,,,,Y,C,Y,N,A,2,0,0,0,21802.0,2,32.8109949,-115.3764615,2
2013,2013-02-23,1828,2,4,18,6,N,A,N,A,H,C,A,01,N,03,C,,,,,C,Y,N,A,3,0,0,0,22350.0,3,32.7535017,-115.5348534,4
2013,2013-02-11,1314,2,4,13,1,Y,A,N,A,H,A,-,- ,,09,D,,,,,C,Y,N,A,2,0,0,0,21802.0,2,32.7887649,-115.5613617,4
2013,2013-02-14,802,2,4,8,4,N,A,N,A,H,A,A,01,E,08,B,,,,,C,Y,N,D,2,0,0,0,22107.0,2,32.7783849,-115.567206,4
2013,2013-02-15,1522,2,4,15,5,Y,A,N,A,H,A,-,- ,,09,D,,,,,C,N,N,A,1,0,0,0,21802.0,2,32.7907549,-115.5569618,4
2013,2013-02-25,508,2,4,5,1,N,A,N,A,H,D,-,- ,N,08,E,,,,,I,Y,N,A,1,0,0,0,22107.0,1,32.7975773,-115.5357016,4
2013,2013-02-22,1712,2,4,17,5,Y,A,N,A,H,A,-,- ,,09,D,,,,,C,Y,N,D,1,0,0,0,21801.0,2,32.7928249,-115.5488217,4
2013,2013-02-13,1635,2,4,16,3,Y,A,N,A,H,A,-,- ,,08,H,,Y,,,G,N,F,D,1,0,1,0,22107.0,2,32.7887549,-115.5504716,3
2013,2013-02-08,808,2,4,8,5,N,A,N,A,H,A,A,01,S,08,F,,,,,I,Y,N,D,1,0,0,0,22107.0,1,32.7657104,-115.4733168,3
2013,2013-03-25,808,3,1,8,1,N,A,N,A,H,A,-,- ,W,10,G,Y,,,,B,N,N,A,1,1,0,0,21950.0,2,32.9841649,-115.5330843,3
2013,2013-03-19,1520,3,1,15,2,N,A,N,A,H,A,A,01,W,03,C,,,,,C,N,N,D,2,0,0,0,22350.0,2,32.7965849,-115.6043271,4
2013,2013-03-20,1830,3,1,18,3,Y,A,N,A,H,B,C,06,,09,D,,,Y,,C,N,N,D,2,0,0,2,21800.0,2,33.3376549,-115.9939019,2
2013,2013-03-09,335,3,1,3,6,N,A,Y,A,H,D,A,01,E,01,F,,,,,I,Y,F,D,2,0,0,0,23152.0,1,32.7738749,-115.547681,3
2013,2013-03-11,1540,3,1,15,1,N,A,Y,A,H,A,-,- ,N,18,H,,,,,A,Y,N,D,1,0,0,0,,1,33.0088573,-115.5265744,4
2013,2013-03-12,2000,3,1,20,2,Y,A,Y,A,H,D,A,01,,01,D,,,,,C,Y,N,A,2,0,0,0,23152.0,2,32.6792249,-115.6385416,4
2013,2013-03-17,1815,3,1,18,7,N,A,Y,A,H,A,A,07,E,08,F,,,,,A,Y,N,D,1,0,0,0,22107.0,1,32.7736861,-115.5333173,3
2013,2013-04-02,1515,4,1,15,2,N,A,N,A,H,A,A,01,W,03,C,,,,,C,N,F,A,1,0,0,0,22350.0,2,32.7814456,-115.5570366,4
2013,2013-03-19,655,3,1,6,2,N,A,Y,A,H,A,G,25,E,08,E,,,,Y,I,Y,N,C,1,0,0,0,22107.0,1,32.7736449,-115.5013016,3
2013,2013-03-26,405,3,1,4,2,N,B,Y,A,H,D,G,25,W,08,E,,,,Y,I,Y,N,D,1,0,0,0,22107.0,1,32.7079346,-116.0534608,4
2013,2013-03-28,315,3,1,3,4,N,A,Y,A,H,D,D,22,E,08,E,,,,,I,Y,N,D,1,0,0,0,22107.0,1,32.7465161,-114.7383893,4
2013,2013-01-31,1827,1,4,18,4,Y,A,N,A,H,C,A,01,,09,H,,Y,,,G,N,N,D,1,0,1,0,21802.0,2,32.9753049,-115.5178117,3
2013,2013-01-24,949,1,4,9,4,Y,A,Y,A,H,A,A,01,,09,D,,,,,C,Y,N,A,1,0,0,0,21803.0,2,,,4
2012,2012-01-26,812,1,4,8,4,N,A,N,A,H,A,D,22,W,10,G,Y,,,,B,N,N,A,1,1,0,0,21950.0,2,32.66983506,-115.49753745,4
2012,2012-01-14,1631,1,4,16,6,N,B,Y,A,H,B,A,01,N,09,D,,,Y,,C,Y,N,D,1,0,0,1,21801.0,2,32.67597828,-115.49870155,3
2012,2012-01-12,1846,1,4,18,4,N,A,Y,A,H,C,A,01,N,03,C,,,,,C,N,N,A,2,0,0,0,22350.0,2,32.69411513,-115.49942155,4
2012,2012-01-26,1933,1,4,19,4,N,F,N,A,H,D,L,04,N,11,G,,Y,,,G,Y,N,D,1,0,1,0,21954.0,2,,,2
2013,2013-03-21,1459,3,1,14,4,Y,A,N,A,H,A,-,- ,,09,D,,Y,,,G,N,N,-,1,0,1,0,21800.0,2,32.7877249,-115.5668017,3
2013,2013-03-22,2045,3,1,20,5,N,A,Y,A,H,C,A,01,W,03,C,,,,,C,N,N,D,2,0,0,0,22350.0,2,32.7966037,-115.5665296,4
2013,2013-03-22,2159,3,1,21,5,N,A,Y,A,H,C,A,01,N,03,C,,,,,C,N,N,A,1,0,0,0,22350.0,2,32.7899277,-115.5525816,4
2013,2013-03-30,1529,3,1,15,6,Y,A,N,A,H,A,-,- ,,09,D,,,,,C,N,N,D,2,0,0,0,21800.0,2,32.8056749,-115.5739917,3
2013,2013-03-29,1248,3,1,12,5,Y,A,Y,A,H,A,A,01,,03,C,,,,,C,N,N,D,2,0,0,0,22350.0,2,32.8037568,-115.5697516,4
2013,2013-03-30,922,3,1,9,6,Y,A,N,A,H,A,A,01,,09,D,,,,,C,Y,N,A,3,0,0,0,21802.0,2,32.7753649,-115.5523518,4
2013,2013-03-19,1444,3,1,14,2,Y,A,N,A,H,A,-,- ,,03,C,,,,,C,Y,N,A,3,0,0,0,22350.0,2,32.781475,-115.5784818,4
2013,2013-02-19,1509,2,4,15,2,N,A,N,A,H,A,-,- ,N,08,D,,,,,C,Y,N,D,1,0,0,0,22103.0,2,32.9811646,-115.5349943,4
2013,2013-04-01,1803,4,1,18,1,N,A,Y,A,H,A,D,22,E,08,E,,,,,I,Y,N,D,1,0,0,0,22107.0,1,32.7738373,-115.3837272,4
2013,2013-04-05,1626,4,1,16,5,N,A,Y,A,H,A,D,22,S,03,C,,,,,C,N,N,D,1,0,0,0,22350.0,2,33.2792475,-115.9642311,4
2012,2012-02-16,801,2,4,8,4,N,C,Y,B,H,A,D,82,N,03,C,,,,,C,N,N,A,2,0,0,0,22350.0,3,32.69803696,-115.49946532,4
2012,2012-02-13,1820,2,4,18,1,Y,A,N,A,H,B,D,22,,10,G,Y,,,,B,N,N,A,1,1,0,0,21950.0,2,32.69397486,-115.49630167,4
2012,2012-12-20,1850,12,4,18,4,Y,A,Y,A,H,C,A,01,,12,D,,,,,C,Y,N,A,2,0,0,0,21453.0,3,32.9712049,-115.54381157,4
2011,2011-12-31,1422,12,4,14,6,Y,A,N,A,H,A,A,01,,08,D,,,,,C,N,N,A,2,0,0,0,22103.0,2,32.683041,-115.4862495,4
2012,2012-01-30,1543,1,4,15,1,Y,B,N,A,H,A,A,01,,09,D,,,Y,,C,N,N,A,1,0,0,1,21802.0,2,32.66669488,-115.50088162,3
2012,2012-01-18,356,1,4,3,3,Y,A,N,A,H,C,A,01,,03,F,,,,,E,Y,N,D,1,0,0,0,22350.0,2,32.67715489,-115.5011617,4
2012,2012-01-16,728,1,4,7,1,N,A,N,A,H,A,A,01,W,10,G,Y,,,,B,N,N,A,1,1,0,0,21950.0,2,32.66670458,-115.49079714,4
2013,2013-04-10,606,4,1,6,3,Y,A,Y,A,H,A,D,22,,09,D,,,,Y,C,Y,N,A,2,0,0,0,21802.0,2,,,4
2013,2013-04-12,630,4,1,6,5,N,A,N,A,H,A,D,22,S,08,F,,,,,A,Y,N,D,1,0,0,0,22107.0,1,32.7358939,-115.6900245,4
2013,2013-04-14,1245,4,1,12,7,N,A,Y,A,H,A,C,02,E,03,F,,,Y,,A,N,N,D,1,0,0,1,22350.0,1,32.6572881,-116.0970123,2
2013,2013-03-06,747,3,1,7,3,N,A,N,A,H,A,-,- ,W,03,C,,,,,C,Y,N,A,1,0,0,0,22350.0,2,32.9819649,-115.5350535,4
2013,2013-03-30,1115,3,1,11,6,N,A,N,A,H,A,A,01,N,08,F,,,,,A,Y,N,D,2,0,0,0,22107.0,1,32.8908599,-115.5355316,4
2013,2013-03-31,2000,3,1,20,7,N,A,N,A,H,D,C,02,S,08,F,,,Y,,A,N,N,D,1,0,0,1,22107.0,1,33.3533844,-115.7339615,3
2013,2013-03-31,1455,3,1,14,7,N,A,Y,A,H,A,A,01,N,08,E,,,,,I,Y,N,D,2,0,0,0,22107.0,1,33.0017233,-115.5264674,3
2013,2013-04-03,1705,4,1,17,3,Y,A,N,A,H,A,D,22,,03,C,,,,,C,Y,N,D,2,0,0,0,22350.0,5,32.7946449,-115.5699318,4
2013,2013-04-08,1430,4,1,14,1,N,A,Y,A,H,A,-,- ,E,18,F,,,,Y,A,Y,N,D,1,0,0,0,,1,32.6852068,-116.09158,3
2013,2013-04-02,550,4,1,5,2,N,A,Y,A,H,B,G,25,E,08,F,,,,Y,A,Y,N,D,1,0,0,0,22107.0,1,32.7538323,-115.227885,3
2013,2013-04-16,1523,4,1,15,2,N,A,Y,A,H,A,A,01,S,03,C,,,,,C,Y,N,A,2,0,0,0,22350.0,2,32.7964626,-115.5627786,4
2013,2013-02-27,11,2,4,0,3,N,A,Y,A,H,C,A,01,N,01,E,,,,,I,Y,N,A,3,0,0,0,23152.0,1,32.9734027,-115.5416881,2
2012,2012-02-23,1446,2,4,14,4,N,A,Y,A,H,A,A,01,E,03,C,,,,,C,Y,N,D,1,0,0,0,22350.0,2,,,4
2012,2012-02-09,1448,2,4,14,4,Y,A,N,A,H,A,A,01,,09,D,,,Y,,C,N,N,A,1,0,0,1,21802.0,2,32.680458,-115.4825595,2
2012,2012-02-01,930,2,4,9,3,N,A,Y,A,H,A,A,01,E,03,A,,,,,I,N,N,D,1,0,0,0,22350.0,1,32.66480779,-115.49721559,4
2012,2012-02-08,1556,2,4,15,3,N,A,Y,A,H,A,A,01,E,03,C,,,,,C,N,N,D,1,0,0,0,22350.0,2,32.66480779,-115.49721559,4
2012,2012-02-15,1849,2,4,18,3,N,A,N,A,H,C,A,01,W,22,F,,,,,I,N,N,A,1,0,0,0,,1,32.69391643,-115.48262179,2
2012,2012-02-28,1624,2,4,16,2,Y,A,Y,A,H,A,A,01,,04,C,,,,,C,N,N,A,1,0,0,0,21703.0,2,,,4
2013,2013-04-05,1600,4,1,16,5,Y,A,Y,A,H,A,A,01,,09,D,,,,,C,Y,N,A,4,0,0,0,21802.0,2,32.6793049,-115.5591857,4
2013,2013-04-07,1650,4,1,16,7,Y,A,Y,A,H,A,A,01,,03,C,,,,,C,Y,N,D,3,0,0,0,22350.0,2,33.1092135,-115.5147924,3
2013,2013-04-09,1855,4,1,18,2,Y,A,Y,A,H,A,A,01,,09,D,,,,,C,Y,N,A,4,0,0,0,21802.0,2,32.7084549,-115.5341017,4
2012,2012-03-15,1506,3,1,15,4,N,A,Y,A,H,A,D,22,E,03,C,,,,,C,N,N,D,1,0,0,0,22350.0,2,32.67916487,-115.50956233,4
2012,2012-03-17,1405,3,1,14,6,N,A,Y,A,H,A,A,01,W,05,H,,Y,,,G,Y,N,D,1,0,1,0,21460.0,2,32.66562054,-115.4954188,3
2012,2012-03-05,1836,3,1,18,1,N,A,N,A,H,D,A,01,N,10,G,Y,,,,B,N,N,D,1,1,0,0,21950.0,2,32.67643369,-115.4883548,2
2012,2012-03-15,1733,3,1,17,4,N,A,Y,A,H,A,-,- ,E,18,C,,,,,C,N,N,A,1,0,0,0,,3,32.69397487,-115.49918155,4
2012,2012-03-13,1305,3,1,13,2,N,A,Y,A,H,A,A,01,S,05,D,,,,,C,Y,N,D,3,0,0,0,21650.0,2,32.70747726,-115.49955579,3
2012,2012-03-14,1408,3,1,14,3,Y,A,Y,A,H,A,A,01,,05,H,,Y,,,G,N,N,A,1,0,1,0,21202.0,2,32.67909487,-115.50108304,4
2012,2012-03-16,830,3,1,8,5,N,A,Y,A,H,A,A,01,E,03,C,,,,,C,N,N,D,1,0,0,0,22350.0,2,32.67917067,-115.51521363,4
2013,2013-04-19,1210,4,1,12,5,N,A,N,A,H,A,A,07,N,09,D,,,,,C,Y,N,D,1,0,0,0,21804.0,2,32.8110399,-115.5527985,4
2013,2013-04-21,2030,4,1,20,7,Y,A,Y,A,H,D,A,01,,09,D,,,,,C,Y,N,D,1,0,0,0,21802.0,2,33.2791293,-115.9644611,4
2013,2013-04-23,1155,4,1,11,2,N,A,N,A,H,A,A,01,E,03,C,,,,,C,N,N,A,1,0,0,0,22350.0,2,32.7378548,-115.5344299,4
2013,2013-04-24,438,4,1,4,3,N,A,Y,A,H,D,A,01,S,03,C,,,,,C,Y,N,D,1,0,0,0,22350.0,2,32.9319819,-115.5092516,4
2013,2013-05-02,745,5,1,7,4,N,A,Y,A,H,A,A,01,S,21,C,,,,,C,Y,N,D,1,0,0,0,22106.0,2,32.7736449,-115.5013016,4
2013,2013-04-19,340,4,1,3,5,N,A,Y,A,H,D,A,08,E,08,B,,,,Y,C,Y,N,D,1,0,0,0,22107.0,2,32.7013424,-115.274625,3
2013,2013-04-30,2105,4,1,21,2,N,A,Y,A,H,D,D,22,W,03,C,,,,,C,Y,N,D,2,0,0,0,22350.0,2,32.7734526,-115.2963898,4
2013,2013-04-22,1755,4,1,17,1,N,A,Y,A,H,A,A,07,W,21,C,,,,,C,N,N,D,2,0,0,0,22106.0,2,32.6938249,-115.3790241,4
2013,2013-04-27,653,4,1,6,6,Y,A,Y,A,A,A,A,01,,03,C,,,,Y,C,Y,N,A,3,0,0,0,22350.0,2,32.8248444,-115.500396,2
2013,2013-04-15,519,4,1,5,1,Y,A,Y,A,H,C,D,22,,09,D,,,,,C,Y,N,A,1,0,0,0,21803.0,2,,,4
2013,2013-05-03,1713,5,1,17,5,N,A,N,A,H,A,L,04,E,05,H,,Y,,,G,N,N,D,1,0,1,0,21650.0,2,32.788774,-115.5523943,3
2013,2013-04-30,835,4,1,8,2,-,A,N,A,H,A,L,04,,09,D,,Y,,,G,N,F,A,1,0,1,0,21804.0,2,32.7879525,-115.5699867,3
2012,2012-03-16,1749,3,1,17,5,Y,A,N,A,H,A,A,07,,09,D,,,,,C,N,N,D,2,0,0,0,21800.0,2,32.674437,-115.523181,4
2013,2013-04-18,1418,4,1,14,4,Y,A,N,A,H,A,A,08,,12,D,,,,,C,Y,N,A,1,0,0,0,22450.0,2,32.7814449,-115.5568717,3
2013,2013-04-19,1222,4,1,12,5,N,A,N,A,H,A,-,- ,N,03,C,,,,,C,N,N,A,1,0,0,0,22350.0,3,32.795379,-115.5699654,4
2013,2013-04-15,431,4,1,4,1,Y,A,N,A,H,C,-,- ,,08,D,,,,,C,Y,N,D,2,0,0,0,22107.0,2,32.7753649,-115.5523518,4
2013,2013-04-13,1847,4,1,18,6,-,A,N,A,H,A,L,04,,05,D,,Y,,,G,N,N,D,1,0,1,0,21202.0,2,,,4
2013,2013-04-23,935,4,1,9,2,Y,A,N,A,H,A,-,- ,,03,C,,,,,C,Y,N,A,1,0,0,0,22350.0,3,32.796545,-115.5786717,4
2013,2013-04-10,1320,4,1,13,3,N,A,Y,A,H,A,-,- ,N,03,C,,,,,C,Y,F,A,1,0,0,0,22350.0,3,32.7691154,-115.5522543,3
2013,2013-04-06,1830,4,1,18,6,Y,A,Y,A,H,A,C,02,,10,G,Y,,Y,,B,N,N,D,1,1,0,0,21950.0,2,32.7962687,-115.5540605,3
2013,2013-04-03,1208,4,1,12,3,N,A,N,A,H,A,A,01,E,08,D,,,,,C,Y,F,D,1,0,0,0,22103.0,2,32.7906849,-115.5693824,4
2013,2013-04-09,1550,4,1,15,2,N,A,N,A,H,A,-,- ,S,09,D,,,,,C,Y,N,A,6,0,0,0,21801.0,3,32.7965521,-115.5655809,4
2013,2013-03-28,2027,3,1,20,4,Y,A,N,A,H,C,-,- ,,09,C,,,,,A,N,N,D,2,0,0,0,21801.0,2,32.7897649,-115.5547517,4
2013,2013-05-01,1405,5,1,14,3,N,A,Y,A,H,A,G,25,,08,F,,,,Y,A,Y,N,D,1,0,0,0,22107.0,1,32.6944638,-115.2906327,4
2013,2013-05-07,1500,5,1,15,2,N,A,N,A,H,A,D,22,N,08,F,,,,,A,Y,N,D,2,0,0,0,22107.0,1,32.77127835,-115.4306978,3
2013,2013-05-08,1250,5,1,12,3,N,A,N,A,H,A,D,22,E,03,C,,,,,C,N,N,A,1,0,0,0,22350.0,2,32.7965749,-115.6204554,4
2013,2013-04-28,1306,4,1,13,7,N,A,Y,A,H,A,A,07,E,08,F,,,,,A,Y,N,D,1,0,0,0,22107.0,1,33.2029965,-114.8570358,2
2013,2013-05-02,742,5,1,7,4,N,A,N,A,H,A,A,07,N,05,B,,,,,C,N,N,D,1,0,0,0,21650.0,2,32.8312873,-115.5950008,4
2013,2013-06-11,1445,6,2,14,2,N,B,Y,A,H,A,J,48,E,03,C,,,,,C,N,N,D,1,0,0,0,22350.0,2,32.814658,-115.5698016,4
2013,2013-07-13,2255,7,2,22,6,N,A,Y,A,H,D,J,48,S,08,F,,,,,A,Y,N,D,1,0,0,0,22107.0,1,33.1699949,-115.8785716,3
2013,2013-07-22,1745,7,2,17,1,N,A,Y,A,H,A,A,01,W,03,C,,,,,C,Y,N,D,1,0,0,0,22350.0,3,32.7739449,-115.5557716,4
2013,2013-05-20,1255,5,1,12,1,N,A,N,A,H,A,G,25,W,08,F,,,,Y,A,Y,N,D,1,0,0,0,22107.0,1,32.8328349,-115.3592247,2
2013,2013-05-16,355,5,1,3,4,N,A,N,A,H,D,D,22,N,08,F,,,,,A,Y,N,D,1,0,0,0,22107.0,1,32.9992942,-115.6240398,3
2012,2012-09-17,1634,9,3,16,1,N,A,Y,A,H,A,A,01,W,08,F,,,,,A,Y,N,D,2,0,0,0,22107.0,1,32.77293798,-115.77850428,3
2013,2013-05-11,115,5,1,1,6,N,A,Y,A,H,D,A,01,S,08,E,,,,,I,N,M,D,1,0,0,0,22107.0,1,32.7904805,-115.3837416,4
2013,2013-05-17,1500,5,1,15,5,N,A,N,A,H,A,A,01,S,03,C,,,,,J,Y,N,D,1,0,0,0,22350.0,2,32.8104583,-115.5357116,4
2013,2013-05-09,1810,5,1,18,4,N,B,Y,A,H,A,A,01,E,08,E,,,,,I,Y,N,D,1,0,0,0,22107.0,1,32.7424719,-115.9630812,4
2013,2013-05-01,1700,5,1,17,3,N,A,Y,A,H,A,D,22,N,12,H,,Y,,,G,N,F,A,1,0,1,0,21453.0,2,32.9712049,-115.5438116,3
2013,2013-05-25,1755,5,1,17,6,N,A,Y,A,H,A,I,11,N,03,C,,,,,C,N,N,A,1,0,0,0,22350.0,2,32.7524156,-115.5008712,4
2013,2013-05-26,1830,5,1,18,7,Y,A,N,A,G,A,-,- ,,18,-,,,,,A,N,N,D,1,0,0,0,,1,32.7944648,-115.6904717,4
2013,2013-05-17,630,5,1,6,5,N,A,Y,A,H,A,D,22,W,08,E,,,,,I,Y,N,D,1,0,0,0,22107.0,1,33.1257894,-115.8856415,3
2013,2013-05-31,545,5,1,5,5,Y,A,Y,A,H,A,D,22,,09,C,,,,,C,Y,N,D,1,0,0,0,21801.0,2,32.6791895,-115.5853049,3
2013,2013-06-01,1948,6,2,19,6,N,A,Y,A,H,A,D,22,N,01,E,,,,,I,Y,N,D,1,0,0,0,23152.0,1,32.796469,-115.5588151,4
2013,2013-06-02,523,6,2,5,7,N,A,N,A,H,B,A,01,W,01,B,,,,,C,Y,N,A,1,0,0,0,23152.0,2,32.7840238,-115.5549246,4
2012,2012-04-02,1152,4,1,11,1,Y,A,Y,A,H,A,A,01,,08,A,,,Y,,C,N,N,A,1,0,0,1,22107.0,2,32.67915487,-115.50739155,3
2012,2012-04-09,2026,4,1,20,1,N,A,Y,A,H,C,A,01,W,12,D,,,,,C,Y,N,A,1,0,0,0,21453.0,2,32.67904487,-115.49870155,4
2013,2013-06-05,1220,6,2,12,3,N,A,Y,A,H,A,A,01,E,03,B,,,,,C,Y,N,A,2,0,0,0,22350.0,2,32.6555036,-116.0976227,3
2013,2013-05-07,800,5,1,8,2,N,A,Y,A,H,A,A,01,S,03,C,,,,,C,N,N,A,2,0,0,0,22350.0,2,32.7304878,-115.500288,4
2013,2013-05-07,1338,5,1,13,2,Y,A,Y,A,H,A,-,- ,,03,C,,,,,C,N,N,D,1,0,0,0,22350.0,3,32.7888583,-115.5524824,4
2013,2013-05-07,1101,5,1,11,2,Y,A,N,A,H,A,-,- ,,03,D,,,,,C,,N,A,1,0,0,0,22350.0,2,32.814738,-115.5786795,3
2013,2013-06-02,2058,6,2,20,7,Y,A,Y,A,H,C,L,04,,12,D,,Y,,,G,N,N,A,1,0,1,0,21453.0,2,32.7928249,-115.5699117,3
2013,2013-05-21,1207,5,1,12,2,N,A,N,A,H,A,-,- ,S,03,C,,,,,C,N,N,A,2,0,0,0,22350.0,2,32.7818026,-115.5524976,4
2013,2013-05-16,1407,5,1,14,4,N,A,Y,A,H,A,A,01,W,08,B,,,,,C,Y,N,D,2,0,0,0,22107.0,2,32.7771784,-115.5705169,4
2013,2013-05-17,1453,5,1,14,5,Y,A,N,A,H,A,A,01,,09,-,,,,,C,Y,N,D,1,0,0,0,21802.0,2,32.8092849,-115.5656916,4
2013,2013-05-18,855,5,1,8,6,N,A,N,A,H,A,A,01,E,01,E,,,,,I,Y,N,D,1,0,0,0,23152.0,1,33.0010549,-115.4826492,4
2013,2013-05-21,1117,5,1,11,2,Y,A,Y,A,H,A,A,07,,12,D,,,,,C,Y,N,A,2,0,0,0,22450.0,2,33.3458004,-116.0141308,3
2013,2013-05-24,2248,5,1,22,5,N,A,Y,A,H,C,A,01,S,08,E,,,,,I,Y,N,D,1,0,0,0,22107.0,1,33.3819151,-116.0321508,4
2013,2013-06-10,1218,6,2,12,1,Y,A,Y,A,H,A,D,22,,09,D,,,,,C,Y,N,A,2,0,0,0,21802.0,2,,,4
2013,2013-06-05,2150,6,2,21,3,N,A,Y,A,H,D,D,22,W,08,B,,,,Y,C,Y,N,A,2,0,0,0,22107.0,2,32.6938849,-115.3265459,4
2013,2013-05-28,1735,5,1,17,2,Y,A,Y,A,H,A,D,22,,12,D,,,,,D,Y,N,A,6,0,0,0,21453.0,2,32.8462757,-115.5069561,3
2012,2012-05-08,1528,5,1,15,2,Y,A,Y,A,H,A,L,04,,05,D,,Y,,,G,N,N,D,1,0,1,0,21650.0,2,32.67914107,-115.50531226,4
2012,2012-05-02,1854,5,1,18,3,N,A,N,A,H,B,D,22,N,21,C,,,,,C,N,N,A,1,0,0,0,22106.0,2,32.66568042,-115.49491221,4
2013,2013-06-10,1410,6,2,14,1,N,A,Y,A,H,A,A,01,N,08,E,,,,,I,Y,N,D,1,0,0,0,22107.0,1,33.2602985,-115.5522876,3
2013,2013-06-08,1350,6,2,13,6,N,A,Y,A,H,A,A,07,W,08,F,,,,,A,Y,N,D,4,0,0,0,22107.0,1,32.7681236,-115.8054013,2
2013,2013-06-06,1110,6,2,11,4,Y,A,N,A,H,A,A,07,,09,D,,,,,C,N,N,A,1,0,0,0,21802.0,2,32.7944649,-115.6926817,4
2013,2013-06-13,2215,6,2,22,4,N,A,Y,A,H,D,A,01,E,03,C,,,,,C,Y,N,D,2,0,0,0,22350.0,2,32.7736342,-115.496111,4
2013,2013-05-20,1000,5,1,10,1,N,A,Y,A,H,A,A,07,S,01,E,,,,,I,Y,N,D,1,0,0,0,23152.0,1,32.7389581,-114.718684,4
2013,2013-05-01,2024,5,1,20,3,N,A,N,A,H,C,-,- ,E,10,G,Y,,,,B,N,N,D,1,1,0,0,21950.0,2,32.9599449,-115.5541721,4
2013,2013-05-01,320,5,1,3,3,N,A,Y,A,H,C,A,01,N,03,E,,,,,I,Y,M,A,1,0,0,0,22349.0,1,32.9735475,-115.5416804,3
2013,2013-06-21,1135,6,2,11,5,N,A,Y,A,H,A,G,25,W,03,E,,,,Y,I,Y,N,D,1,0,0,0,22350.0,1,32.699109,-116.0596381,2
2013,2013-06-12,1314,6,2,13,3,Y,A,N,A,H,A,G,26,,12,D,,,,Y,C,Y,N,A,1,0,0,0,22450.0,2,32.8327749,-115.3803017,3
2013,2013-06-19,1120,6,2,11,3,N,A,Y,A,H,A,A,01,S,08,E,,,,,I,Y,N,A,2,0,0,0,22107.0,1,32.9491625,-115.5693481,3
2013,2013-06-03,432,6,2,4,1,Y,A,Y,A,H,B,A,01,,12,D,,,,,C,Y,N,A,3,0,0,0,21453.0,2,32.7991951,-115.5004297,3
2013,2013-05-29,2125,5,1,21,3,N,A,N,A,H,D,A,01,W,08,F,,,,,I,Y,N,D,1,0,0,0,22107.0,1,33.2346127,-115.52951396,4
2012,2012-04-18,1457,4,1,14,3,N,A,N,A,H,A,A,01,N,08,D,,,,,C,N,N,D,1,0,0,0,22107.0,2,32.68328823,-115.50239846,4
2013,2013-03-29,1218,3,1,12,5,N,A,Y,A,H,A,-,- ,S,09,D,,,,,C,Y,N,D,2,0,0,0,21804.0,2,32.9687426,-115.5454945,3
2013,2013-06-13,809,6,2,8,4,Y,A,N,A,H,A,A,01,,09,D,,,,,C,Y,N,A,1,0,0,0,21802.0,2,32.9753049,-115.5178117,4