ACCIDENT_YEAR,COLLISION_DATE,COLLISION_TIME,MONTH,SEASON,24HOURS,DAY_OF_WEEK,INTERSECTION,WEATHER_1,STATE_HWY_IND,ROAD_SURFACE,ROAD_COND_1,LIGHTING,STWD_VEHTYPE_AT_FAULT,CHP_VEHTYPE_AT_FAULT,DIRECTION,PCF_VIOL_CATEGORY,TYPE_OF_COLLISION,PEDESTRIAN_ACCIDENT,BICYCLE_ACCIDENT,MOTORCYCLE_ACCIDENT,TRUCK_ACCIDENT,MVIW,TOW_AWAY,HIT_AND_RUN,CONTROL_DEVICE,NUMBER_INJURED,COUNT_PED_INJURED,COUNT_BICYCLIST_INJURED,COUNT_MC_INJURED,PCF_VIOLATION,PARTY_COUNT,POINT_Y,POINT_X,COLLISION_SEVERITY
2015,2015-04-02,1809,4,1,18,4,N,A,N,A,H,A,L,04,N,12,H,,Y,,,G,N,N,A,1,0,1,0,22450.0,2,32.9866264,-115.53498,3
2015,2015-03-24,2030,3,1,20,2,N,A,Y,A,H,C,A,01,N,08,B,,,,,C,N,N,D,1,0,0,0,22107.0,2,32.73248814,-114.62674714,4
2015,2015-04-09,745,4,1,7,4,N,A,N,A,H,A,A,01,S,03,C,,,,,C,Y,N,A,2,0,0,0,22350.0,2,32.76647757,-115.4734964,4
2015,2015-04-10,2320,4,1,23,5,Y,A,N,A,H,C,A,01,,09,D,,,,,C,Y,N,A,3,0,0,0,21802.0,2,32.80338001,-115.47379011,4
2015,2015-04-20,306,4,1,3,1,N,A,Y,A,H,C,A,01,W,01,E,,,,,I,Y,N,D,1,0,0,0,23152.0,1,32.74966771,-115.21445497,2
2015,2015-02-14,813,2,4,8,6,Y,A,N,A,H,A,A,01,,12,D,,,,,C,Y,N,A,1,0,0,0,22450.0,2,32.990157,-115.535061,4
2015,2015-04-01,852,4,1,8,3,N,A,Y,A,H,A,D,22,W,09,D,,,,,C,Y,N,A,1,0,0,0,21804.0,2,32.97864889,-115.54878566,4
2015,2015-04-11,335,4,1,3,6,Y,A,N,A,H,C,F,26,,01,E,,,,Y,I,Y,N,A,1,0,0,0,23152.0,1,32.98086006,-115.55228008,3
2015,2015-04-12,247,4,1,2,7,N,A,N,A,H,C,D,22,N,01,E,,,,,I,Y,N,D,1,0,0,0,23152.0,1,32.97863,-115.53945,3
2015,2015-03-12,1510,3,1,15,4,N,A,Y,A,H,A,A,01,E,08,E,,,,,I,Y,N,D,0,0,0,0,22107.0,1,32.75035029,-115.90996118,1
2015,2015-04-04,2011,4,1,20,6,N,A,N,A,H,D,A,07,W,03,G,Y,,,,B,N,F,D,0,0,0,0,22350.0,2,32.77419022,-115.5183024,1
2015,2015-04-10,2030,4,1,20,5,N,A,Y,A,H,D,A,07,E,08,E,,,,,I,Y,N,D,0,0,0,0,22107.0,1,32.65772373,-116.09698774,1
2015,2015-03-23,100,3,1,1,1,Y,A,N,A,H,C,A,,,01,E,,,,,-,Y,N,-,1,0,0,0,23152.0,1,32.8127901,-115.38901003,4
2015,2015-04-09,1141,4,1,11,4,N,A,N,A,H,A,C,02,E,09,D,,,Y,,C,Y,N,D,1,0,0,1,21802.0,2,32.77718,-115.57096088,4
2014,2014-04-12,1240,4,1,12,6,N,A,Y,A,H,A,A,01,N,21,G,Y,,,,B,N,N,D,1,1,0,0,22106.0,2,,,3
2015,2015-04-18,455,4,1,4,6,N,A,Y,A,H,D,D,22,N,01,E,,,,,I,Y,N,D,1,0,0,0,23152.0,1,33.14161141,-115.51903303,3
2015,2015-03-30,837,3,1,8,1,N,A,Y,A,H,A,G,25,N,08,F,,,,Y,A,Y,N,D,1,0,0,0,22107.0,1,32.88656329,-115.40623904,2
2015,2015-04-18,1304,4,1,13,6,N,A,N,A,H,A,A,01,S,08,E,,,,,I,Y,N,D,1,0,0,0,22107.0,1,32.70807832,-115.53407887,4
2015,2015-04-08,633,4,1,6,3,N,A,N,A,H,B,C,02,W,08,F,,,Y,,A,Y,N,D,1,0,0,1,22107.0,1,32.92641782,-115.69005435,3
2015,2015-04-21,1000,4,1,10,2,N,A,Y,A,H,A,-,- ,W,18,H,,,,,A,N,N,D,1,0,0,0,,1,32.7739892,-115.63010249,4
2015,2015-04-27,1635,4,1,16,1,N,A,N,A,H,A,A,01,W,03,B,,Y,,,G,N,N,D,1,0,1,0,22350.0,2,32.83279006,-115.34406468,3
2015,2015-05-04,1059,5,1,10,1,N,A,Y,A,H,A,A,01,,03,C,,,,,C,N,N,A,1,0,0,0,22350.0,2,32.79658344,-115.56911597,4
2015,2015-05-02,1700,5,1,17,6,Y,A,N,A,H,B,-,,,12,G,Y,,,,B,N,N,A,1,1,0,0,22450.0,2,32.79280001,-115.5742001,3
2015,2015-05-01,1230,5,1,12,5,N,A,N,A,H,A,-,,S,03,C,,,,,C,N,N,A,3,0,0,0,22350.0,3,,,3
2015,2015-08-13,2043,8,2,20,4,N,A,Y,A,H,D,F,55,W,03,C,,,,Y,D,Y,N,D,2,0,0,0,22350.0,2,32.773964,-115.5543681,4
2015,2015-04-28,900,4,1,9,2,N,A,N,A,H,A,D,22,E,- ,D,,,,Y,C,Y,N,D,2,0,0,0,,3,32.91259975,-115.5687995,4
2015,2015-05-02,1705,5,1,17,6,Y,A,Y,A,H,A,D,22,,12,D,,,,,C,Y,N,A,2,0,0,0,21453.0,2,32.91333335,-115.57005823,4
2015,2015-05-15,1905,5,1,19,5,N,B,N,B,H,A,J,48,S,08,E,,,,,I,Y,N,D,1,0,0,0,22107.0,1,32.92840235,-114.84278709,4
2015,2015-04-28,2249,4,1,22,2,N,A,Y,A,H,D,A,01,W,01,F,,,,,I,Y,N,D,1,0,0,0,23152.0,1,32.77376773,-117.03569352,2
2015,2015-04-30,625,4,1,6,4,N,A,N,A,H,A,A,01,E,03,C,,,,,C,Y,N,D,1,0,0,0,22350.0,2,32.91265331,-115.55134283,3
2015,2015-04-29,2136,4,1,21,3,N,A,N,A,H,C,J,48,S,03,C,,,,,C,Y,N,D,1,0,0,0,22350.0,2,32.98905669,-115.5350697,4
2015,2015-04-23,2017,4,1,20,4,N,A,N,A,H,C,N,60,W,11,G,Y,,,,B,N,N,D,1,1,0,0,21954.0,2,32.97079568,-115.54454327,4
2015,2015-05-15,1550,5,1,15,5,N,C,Y,B,G,A,A,01,E,04,E,,,,,I,Y,N,D,1,0,0,0,21703.0,1,32.65811937,-116.09835809,4
2015,2015-05-09,635,5,1,6,6,N,A,Y,A,H,A,A,01,E,08,E,,,,,I,Y,N,D,1,0,0,0,22107.0,1,32.77122521,-115.28025173,4
2015,2015-06-05,514,6,2,5,5,N,A,N,A,H,A,-,- ,W,- ,A,,,,,I,Y,M,D,1,0,0,0,,1,32.78772019,-115.53556882,4
2015,2015-06-10,559,6,2,5,3,N,A,N,A,H,B,A,01,N,06,B,,Y,,,G,N,N,D,1,0,1,0,21750.0,2,32.78334919,-115.55034108,2
2015,2015-06-27,2044,6,2,20,6,N,A,N,A,H,C,A,07,E,08,F,,,,,A,Y,N,D,1,0,0,0,22107.0,1,32.80337381,-115.47098463,3
2015,2015-06-15,2026,6,2,20,1,N,A,N,A,H,C,A,07,W,03,F,,,,,A,Y,N,A,5,0,0,0,22350.0,1,32.70851,-115.51875399,3
2015,2015-06-15,950,6,2,9,1,N,A,N,A,H,A,B,07,W,08,F,,,,,A,Y,N,D,2,0,0,0,22107.0,1,32.84737746,-115.54866246,3
2015,2015-06-21,1843,6,2,18,7,N,A,N,A,H,A,-,- ,W,18,H,,,,,A,N,N,D,1,0,0,0,,1,32.86288816,-114.48909223,3
2015,2015-04-18,707,4,1,7,6,N,A,Y,A,H,A,D,22,W,05,E,,,,,I,Y,N,D,1,0,0,0,21651.0,1,33.13218991,-116.08093919,4
2015,2015-05-10,1825,5,1,18,7,N,A,N,A,H,A,A,01,N,08,D,,,,,C,N,N,D,1,0,0,0,22107.0,2,32.80618133,-115.55278702,4
2015,2015-05-12,1000,5,1,10,2,N,A,N,A,H,A,A,01,W,08,E,,,,,I,Y,N,D,1,0,0,0,22107.0,1,32.79282,-115.53090344,4
2015,2015-05-13,1048,5,1,10,3,N,A,N,A,H,A,A,01,S,08,E,,,,,J,Y,N,D,1,0,0,0,22107.0,1,32.79282,-115.53565,4
2015,2015-05-12,1715,5,1,17,2,Y,A,Y,A,H,A,A,01,,03,C,,,,,C,N,N,A,1,0,0,0,22350.0,2,32.79838485,-115.56996563,4
2015,2015-04-23,655,4,1,6,4,Y,A,N,A,H,A,-,,,10,G,Y,,,,B,N,F,A,1,1,0,0,21950.0,2,32.79283004,-115.5655401,4
2015,2015-06-06,2014,6,2,20,6,N,A,Y,A,H,D,D,22,W,08,F,,,,,I,Y,N,B,1,0,0,0,22107.0,1,32.70813664,-114.97246689,3
2015,2015-05-05,1030,5,1,10,2,N,A,Y,A,H,-,A,07,E,08,F,,,,,A,Y,N,D,1,0,0,0,22107.0,1,32.70738712,-115.26023646,4
2015,2015-05-04,1805,5,1,18,1,N,A,N,A,H,A,A,01,N,08,E,,,,,I,Y,N,D,1,0,0,0,22107.0,1,32.94078148,-115.57969138,2
2015,2015-05-18,1643,5,1,16,1,Y,A,Y,A,H,A,D,22,,09,D,,,,,C,Y,N,A,2,0,0,0,21803.0,2,33.12579066,-115.87833466,4
2015,2015-05-23,620,5,1,6,6,N,A,N,A,H,A,A,07,N,08,E,,,,,I,Y,N,D,1,0,0,0,22107.0,1,32.80633438,-115.55278618,4
2015,2015-05-19,1530,5,1,15,2,Y,A,N,A,H,A,A,01,,12,D,,,,,C,Y,N,A,2,0,0,0,22450.0,2,32.70845003,-115.53408,4
2015,2015-05-20,615,5,1,6,3,N,A,Y,A,H,A,A,01,E,08,F,,,,,A,Y,N,D,1,0,0,0,22107.0,1,32.64805592,-116.10361998,3
2015,2015-06-02,2345,6,2,23,2,N,A,Y,A,H,D,D,22,E,08,E,,,,,I,Y,N,D,1,0,0,0,22107.0,1,32.64904406,-116.10331727,4
2015,2015-05-24,1225,5,1,12,7,N,A,Y,A,H,A,A,01,S,03,C,,,,,C,Y,N,A,2,0,0,0,22350.0,2,32.73052964,-115.50040522,4
2015,2015-05-25,1420,5,1,14,1,N,A,Y,A,H,A,A,01,S,01,E,,,,,I,Y,N,D,1,0,0,0,23152.0,1,32.78464568,-115.55248774,2
2015,2015-05-24,1910,5,1,19,7,N,A,Y,A,H,B,A,01,S,07,B,,,,,C,Y,N,D,4,0,0,0,21658.0,3,33.33567884,-116.00659609,2
2015,2015-05-27,1103,5,1,11,3,Y,A,N,A,H,A,A,01,,09,A,,,,,C,Y,N,D,2,0,0,0,21801.0,2,32.70845003,-115.53408,4
2015,2015-06-04,1310,6,2,13,4,Y,A,N,A,H,A,A,01,,09,D,,,,,C,Y,N,A,1,0,0,0,21802.0,2,32.70845003,-115.53408,4
2015,2015-06-02,1315,6,2,13,2,N,A,Y,A,H,A,-,- ,S,18,E,,,,,I,Y,N,D,1,0,0,0,,1,33.02375186,-115.60479,4
2015,2015-06-02,855,6,2,8,2,N,A,N,A,H,A,C,02,S,08,F,,,Y,,A,N,N,D,1,0,0,1,22107.0,1,32.70850528,-115.51775863,4
2015,2015-06-01,2230,6,2,22,1,N,A,N,A,H,D,A,01,E,01,E,,,,,I,Y,N,A,1,0,0,0,23152.0,1,32.84424,-115.58273,4
2015,2015-06-03,1653,6,2,16,3,N,A,N,A,H,A,A,01,W,03,C,,,,Y,C,N,N,D,2,0,0,0,22350.0,2,32.79659,-115.56575798,4
2015,2015-05-30,1545,5,1,15,6,N,A,N,A,H,A,A,01,S,08,F,,,,,A,Y,N,D,1,0,0,0,22107.0,1,32.90735686,-115.59491716,3
2015,2015-05-29,1550,5,1,15,5,N,A,N,A,H,A,B,07,S,08,F,,,,,A,Y,M,D,1,0,0,0,22107.0,1,32.73682636,-115.63777,3
2015,2015-05-28,1012,5,1,10,4,N,A,N,A,H,A,-,,,08,D,,,,,C,Y,N,D,1,0,0,0,22103.0,2,32.80385001,-115.55065,4
2015,2015-05-12,1435,5,1,14,2,N,A,N,A,H,A,-,,W,08,D,,,,,C,N,N,D,1,0,0,0,22107.0,2,32.79178,-115.55787866,4
2015,2015-06-03,705,6,2,7,3,N,A,N,A,H,A,A,07,N,05,B,,,,Y,C,Y,N,D,1,0,0,0,21650.0,2,32.94756199,-115.53551496,4
2015,2015-06-04,514,6,2,5,4,Y,A,Y,A,H,A,D,22,,12,D,,,,,C,Y,N,A,1,0,0,0,21457.0,2,33.13220345,-116.0809846,4
2015,2015-06-03,1720,6,2,17,3,Y,A,Y,A,H,A,D,22,,12,D,,,,,C,Y,N,A,3,0,0,0,22450.0,2,32.97459682,-115.44873997,4
2015,2015-06-09,1245,6,2,12,2,N,B,Y,A,H,A,D,22,W,08,F,,,,,A,Y,N,D,1,0,0,0,22107.0,1,32.72625212,-116.02809255,4
2015,2015-06-07,925,6,2,9,7,N,A,Y,A,H,A,A,07,E,08,F,,,,,A,Y,N,D,1,0,0,0,22107.0,1,32.77319208,-115.31302768,4
2015,2015-06-03,5,6,2,0,3,N,A,Y,A,H,D,A,01,W,08,F,,,,,A,Y,N,D,1,0,0,0,22107.0,1,32.68279422,-116.0914127,2
2015,2015-06-02,752,6,2,7,2,Y,A,N,A,H,A,A,01,,09,D,,,,,C,N,N,A,1,0,0,0,21800.0,2,32.79075004,-115.55695012,4
2015,2015-05-29,50,5,1,0,5,N,A,Y,A,H,D,G,25,S,08,C,,,,Y,C,Y,N,D,1,0,0,0,22107.0,2,33.29819147,-115.97859467,4
2015,2015-05-15,1622,5,1,16,5,Y,C,N,B,H,C,A,01,,09,D,,,,,C,Y,N,A,2,0,0,0,21802.0,2,32.9742001,-115.54364002,4
2015,2015-06-11,1917,6,2,19,4,N,A,N,A,H,A,C,02,S,03,F,,,Y,,A,Y,N,D,1,0,0,1,22350.0,1,33.32642179,-115.96199991,3
2015,2015-06-13,1357,6,2,13,6,N,A,Y,A,H,A,A,01,S,01,F,,,,,A,Y,N,D,1,0,0,0,23152.0,1,33.25052099,-115.94309546,3
2015,2015-06-25,2130,6,2,21,4,N,A,Y,A,H,C,A,01,E,08,F,,,,,A,Y,N,D,4,0,0,0,22107.0,1,32.73017203,-114.62074094,3
2015,2015-06-10,1345,6,2,13,3,N,A,Y,A,H,A,N,60,,11,G,Y,,,,B,N,F,D,1,1,0,0,21954.0,2,32.79655329,-115.56499044,4
2015,2015-06-26,1117,6,2,11,5,N,A,N,A,H,A,A,01,E,09,-,,,,,C,N,N,A,1,0,0,0,21802.0,2,32.78147973,-115.57698794,4
2015,2015-06-08,1115,6,2,11,1,N,A,N,A,H,A,A,01,N,03,C,,,,,C,N,N,A,1,0,0,0,22350.0,2,32.78649192,-115.56979137,4
2015,2015-06-10,1147,6,2,11,3,N,A,Y,A,H,A,-,,N,03,A,,,,,C,N,N,D,2,0,0,0,22350.0,3,32.80006076,-115.56993942,4
2015,2015-06-29,840,6,2,8,1,N,A,Y,A,H,-,D,22,W,08,E,,,,,A,Y,N,D,1,0,0,0,22107.0,1,32.67922603,-115.6225619,4
2015,2015-06-30,1405,6,2,14,2,N,A,Y,A,H,A,A,01,E,03,C,,,,,C,Y,N,D,3,0,0,0,22350.0,2,32.77390139,-115.73250263,4
2015,2015-06-20,1744,6,2,17,6,Y,A,N,A,H,A,-,,,09,A,,,,,C,Y,N,D,4,0,0,0,21801.0,2,32.79835006,-115.54881007,3
2015,2015-06-18,749,6,2,7,4,N,A,N,A,H,A,-,,S,07,D,,,,,C,N,N,A,1,0,0,0,21658.0,2,32.79379715,-115.56144878,4
2015,2015-06-16,949,6,2,9,2,-,A,N,A,H,A,-,,,03,F,,,,,C,Y,N,A,2,0,0,0,22350.0,2,32.76946,-115.55220007,3
2015,2015-06-09,936,6,2,9,2,Y,B,Y,A,H,A,A,01,,05,B,,,,Y,C,Y,N,D,2,0,0,0,21650.0,2,32.80814331,-115.5698998,3
2015,2015-06-17,1310,6,2,13,3,N,A,N,A,H,A,A,07,S,08,E,,,,,I,Y,N,D,3,0,0,0,22107.0,1,33.07475901,-115.57933901,2
2014,2014-05-13,1633,5,1,16,2,N,A,N,-,H,A,-,,N,04,C,,,,,C,N,N,D,1,0,0,0,21703.0,2,32.85595001,-115.56713002,4
2014,2014-07-29,1820,7,2,18,2,N,A,Y,A,H,A,-,,W,03,A,,,,,I,Y,N,A,1,0,0,0,22350.0,1,32.82738863,-115.56988011,4
2014,2014-09-23,2022,9,3,20,2,Y,A,Y,A,H,C,A,01,,09,D,,,,,C,Y,N,A,2,0,0,0,21453.0,2,,,4
2014,2014-12-28,1725,12,4,17,7,N,A,Y,-,-,D,D,,N,07,-,,,,,J,Y,N,A,1,0,0,0,21658.0,1,32.86624925,-115.57030795,4
2014,2014-06-18,2044,6,2,20,3,Y,A,Y,A,H,C,-,,,09,D,,,,,C,Y,N,D,1,0,0,0,21804.0,2,32.84545686,-115.56900063,4
2015,2015-07-05,455,7,2,4,7,Y,A,N,A,H,B,D,22,,01,E,,,,,I,Y,N,A,3,0,0,0,23152.0,1,32.91571006,-115.48377009,2
2015,2015-07-07,1439,7,2,14,2,N,A,Y,A,H,A,D,22,E,08,F,,,,,A,Y,N,D,1,0,0,0,22107.0,1,32.66992252,-116.10545172,3
2015,2015-07-11,752,7,2,7,6,N,A,N,A,H,D,C,02,S,08,E,,,Y,,I,Y,N,D,2,0,0,2,22107.0,1,32.74948975,-115.53475753,3
2015,2015-07-06,1825,7,2,18,1,N,A,Y,A,H,A,A,01,S,08,E,,,,,I,Y,N,D,1,0,0,0,22107.0,1,32.94984655,-115.56830895,4
2015,2015-07-05,1555,7,2,15,7,N,A,Y,A,H,A,A,01,E,03,C,,,,,C,Y,N,D,5,0,0,0,22350.0,2,32.77331194,-115.42861944,3
2015,2015-06-25,225,6,2,2,4,N,A,Y,A,H,D,A,01,E,08,E,,,,,I,Y,N,D,1,0,0,0,22107.0,1,32.66243875,-116.10417202,4
2015,2015-06-22,1725,6,2,17,1,N,A,N,A,H,A,A,01,,08,F,,,,,A,Y,N,A,3,0,0,0,22107.0,1,32.8181267,-114.5476681,3
2015,2015-07-07,946,7,2,9,2,N,A,Y,A,H,A,A,07,S,08,F,,,,,A,Y,N,A,1,0,0,0,22107.0,1,32.73634195,-114.71658265,3
2015,2015-05-27,1827,5,1,18,3,N,A,N,A,H,A,L,04,E,05,A,,Y,,,G,Y,N,D,1,0,1,0,21202.0,2,32.79283559,-115.54162417,3
2015,2015-06-29,1155,6,2,11,1,Y,A,Y,A,H,A,A,07,,03,C,,,,,C,Y,N,A,2,0,0,0,22350.0,2,32.84732387,-115.40618024,4
2015,2015-07-03,1550,7,2,15,5,Y,A,N,A,H,A,-,- ,,00,D,,,,,C,Y,N,D,3,0,0,0,22352.0,2,32.8400201,-115.51850007,2
2015,2015-07-06,454,7,2,4,1,Y,A,Y,A,H,B,A,01,,12,D,,,,,C,Y,N,A,1,0,0,0,21453.0,2,32.79946531,-115.50061188,4
2015,2015-06-05,430,6,2,4,5,Y,A,Y,A,H,B,A,01,,08,D,,,,Y,C,Y,N,D,1,0,0,0,22107.0,2,33.13218942,-116.0809374,4
2015,2015-07-01,1737,7,2,17,3,N,A,Y,A,H,A,A,01,N,09,D,,,,,C,Y,N,A,1,0,0,0,21453.0,2,32.95994033,-115.55059,4
2015,2015-07-06,1155,7,2,11,1,N,A,N,A,H,A,A,01,E,08,-,,,,Y,C,Y,N,D,2,0,0,0,22107.0,2,32.77119,-115.55158243,4
2015,2015-07-15,2334,7,2,23,3,N,A,N,A,H,C,A,01,S,08,B,,,,,C,Y,N,D,1,0,0,0,22107.0,3,32.79117011,-115.57415009,4
2015,2015-07-14,1304,7,2,13,2,N,A,Y,A,H,A,A,01,S,03,C,,,,,C,N,N,-,1,0,0,0,22350.0,2,32.79779179,-115.56996891,4
2015,2015-07-16,1032,7,2,10,4,Y,A,N,A,H,A,A,08,,12,D,,,,,C,Y,N,A,1,0,0,0,21453.0,2,32.79286009,-115.57863003,4
2015,2015-07-03,1329,7,2,13,5,N,A,Y,A,H,A,-,,,04,C,,,,,C,Y,F,D,1,0,0,0,21703.0,3,32.79956452,-115.56995336,4
2015,2015-07-04,1904,7,2,19,6,Y,A,Y,A,H,A,-,,,09,D,,,,,C,N,N,A,4,0,0,0,21801.0,2,32.79655485,-115.56560863,3
2015,2015-07-02,1304,7,2,13,4,Y,A,N,A,H,A,A,01,,03,C,,,,,C,N,N,A,1,0,0,0,22350.0,2,32.79837006,-115.55279007,4
2015,2015-07-13,752,7,2,7,1,N,A,N,A,H,A,L,04,S,05,D,,Y,,,G,N,N,-,1,0,1,0,21650.0,2,32.77735378,-115.57696718,3
2015,2015-07-16,944,7,2,9,4,N,A,N,A,H,A,A,01,E,09,D,,,,,D,Y,N,D,1,0,0,0,21801.0,2,32.79280001,-115.57313216,4
2015,2015-07-10,1405,7,2,14,5,N,A,N,A,H,A,A,01,E,10,A,Y,,,,B,N,N,A,1,1,0,0,21950.0,2,32.78304009,-115.55245008,4
2015,2015-06-08,2500,6,2,25,1,N,A,N,A,H,A,D,22,E,08,F,,,,,A,Y,N,D,0,0,0,0,22107.0,1,,,1
2015,2015-07-08,901,7,2,9,3,Y,A,N,A,H,A,A,01,,12,A,,,,,C,Y,N,A,2,0,0,0,22450.0,2,32.97311002,-115.52204013,1
2015,2015-08-29,1533,8,2,15,6,Y,A,Y,A,H,A,A,01,,09,D,,,,,C,Y,N,A,6,0,0,0,21802.0,2,33.40530973,-116.04586037,1
2015,2015-08-04,1100,8,2,11,2,N,A,Y,A,H,A,G,25,S,08,F,,,,Y,A,Y,N,D,1,0,0,0,22107.0,1,33.22597887,-115.92176346,2
2015,2015-07-20,1725,7,2,17,1,N,A,N,A,H,A,A,07,E,08,F,,,,,A,Y,N,D,1,0,0,0,22107.0,1,32.66915784,-115.44159978,4
2015,2015-07-21,805,7,2,8,2,N,A,Y,A,H,A,A,01,S,08,C,,,,Y,C,Y,N,D,2,0,0,0,22107.0,2,33.39549401,-116.04381257,2
2014,2014-09-05,1115,9,3,11,5,N,A,Y,A,H,A,-,,N,08,D,,,,,D,Y,N,A,2,0,0,0,22101.0,2,32.82561686,-115.56987163,4
2015,2015-07-29,1452,7,2,14,3,Y,A,N,A,H,A,A,01,,09,D,,,,,C,Y,N,A,2,0,0,0,21802.0,2,32.7965901,-115.56558009,4
2015,2015-07-31,1437,7,2,14,5,N,A,N,A,H,A,C,02,E,04,C,,,Y,,C,Y,N,A,1,0,0,1,21703.0,2,32.79649,-115.56938472,4
2015,2015-07-31,647,7,2,6,5,N,A,N,A,H,A,A,01,E,08,F,,,,,I,Y,N,D,1,0,0,0,22107.0,1,32.79177,-115.53913435,4
2015,2015-07-27,1801,7,2,18,1,N,A,N,A,H,A,L,04,N,17,G,,Y,,,G,Y,N,A,1,0,1,0,21208.0,2,32.78183698,-115.53539021,4
2015,2015-07-26,1054,7,2,10,7,N,A,Y,A,H,A,A,07,W,08,F,,,,,A,Y,N,D,1,0,0,0,22107.0,1,32.67839057,-115.7395391,4
2015,2015-06-21,1001,6,2,10,7,Y,A,Y,A,H,A,A,01,,09,-,,,,,C,Y,F,A,2,0,0,0,21453.0,2,32.80141556,-115.56990016,3
2015,2015-05-23,1527,5,1,15,6,N,A,N,A,H,A,-,,S,03,E,,,,,I,N,M,A,1,0,0,0,22350.0,1,32.79480714,-115.56145938,3
2015,2015-07-30,615,7,2,6,4,N,A,Y,A,H,A,A,07,E,08,F,,,,,I,Y,N,D,2,0,0,0,22107.0,1,32.71074775,-114.92924124,3
2015,2015-07-28,2132,7,2,21,2,N,A,Y,A,H,D,D,22,W,08,H,,,,,I,Y,N,D,2,0,0,0,22107.0,1,32.77316557,-115.30291085,3
2015,2015-07-31,1350,7,2,13,5,N,A,Y,A,H,A,A,01,N,08,B,,,,,C,Y,N,D,1,0,0,0,22107.0,2,33.1015121,-115.79569754,4
2015,2015-07-27,1238,7,2,12,1,N,A,N,A,H,A,D,22,E,07,D,,,,,C,Y,N,D,1,0,0,0,21658.0,2,32.80337813,-115.47276427,4
2015,2015-08-02,1358,8,2,13,7,Y,A,N,A,H,A,A,01,,09,D,,,,,C,Y,N,A,1,0,0,0,21802.0,2,32.82031005,-115.57869011,3
2015,2015-08-01,2117,8,2,21,6,N,A,Y,A,H,C,A,07,E,08,F,,,,,A,Y,N,D,2,0,0,0,22107.0,1,32.77380145,-115.66092883,3
2015,2015-07-26,1555,7,2,15,7,N,A,Y,A,H,A,A,01,W,08,E,,,,,I,Y,N,D,6,0,0,0,22107.0,1,32.77388088,-115.72201647,3
2015,2015-07-18,1205,7,2,12,6,N,B,Y,B,H,A,A,07,W,08,F,,,,,A,N,N,A,1,0,0,0,22107.0,1,32.73275517,-116.00245693,4
2015,2015-08-06,1720,8,2,17,4,Y,A,N,A,H,A,A,01,,12,D,,,,Y,C,Y,N,A,1,0,0,0,22450.0,2,32.8836301,-115.51048004,4
2015,2015-08-06,418,8,2,4,4,N,A,Y,A,H,D,D,22,S,08,E,,,,,I,Y,N,D,1,0,0,0,22107.0,1,32.90821033,-115.50913434,3
2015,2015-08-04,1409,8,2,14,2,N,A,Y,A,H,A,A,01,W,08,F,,,,,A,Y,N,D,1,0,0,0,22107.0,1,32.77320522,-115.33823997,4
2015,2015-08-04,1800,8,2,18,2,Y,A,Y,A,H,A,A,01,,09,D,,,,,C,Y,N,D,2,0,0,0,21802.0,2,33.35741029,-116.01884064,4
2015,2015-08-06,1202,8,2,12,4,N,A,Y,A,H,A,A,01,S,08,E,,,,,I,Y,N,D,1,0,0,0,22107.0,1,32.94976755,-115.56846195,4
2015,2015-08-04,2230,8,2,22,2,N,A,Y,A,H,D,A,01,E,03,C,,,,,C,Y,M,D,1,0,0,0,22350.0,2,32.77391407,-115.4966625,4
2015,2015-08-08,2345,8,2,23,6,N,A,Y,A,H,D,A,08,E,03,H,,,,,H,Y,N,D,1,0,0,0,22350.0,1,33.31069771,-114.73846869,4
2015,2015-08-02,1654,8,2,16,7,N,A,Y,A,H,A,A,08,W,07,B,,,,,C,Y,N,D,1,0,0,0,21658.0,2,32.70784192,-114.98775339,3
2015,2015-05-23,1603,5,1,16,6,N,A,N,A,H,A,A,01,N,01,A,,,,,I,Y,M,A,1,0,0,0,23153.0,1,32.78697824,-115.53550147,3
2015,2015-08-21,656,8,2,6,5,-,A,N,A,H,A,A,01,,09,D,,,,,C,Y,N,D,2,0,0,0,21800.0,2,32.7712155,-115.55063003,4
2015,2015-08-19,1212,8,2,12,3,-,A,N,A,H,A,A,01,,08,C,,,,,E,Y,N,A,1,0,0,0,22107.0,2,32.7983499,-115.56655884,4
2015,2015-08-24,1752,8,2,17,1,N,A,N,A,H,A,N,60,N,11,-,Y,,,,B,N,N,D,1,1,0,0,21954.0,2,32.78378367,-115.55035063,4
2015,2015-07-10,1640,7,2,16,5,N,A,N,A,H,A,-,- ,W,00,C,,Y,,,G,N,F,D,1,0,1,0,,2,32.98653,-115.51899948,2
2015,2015-08-08,1538,8,2,15,6,Y,A,N,A,H,A,D,22,,09,D,,,,,C,Y,N,D,2,0,0,0,21800.0,2,32.79655602,-115.55919985,4
2015,2015-08-04,1441,8,2,14,2,Y,A,N,A,H,A,-,- ,,00,D,,,,,C,N,N,D,2,0,0,0,,2,32.78776004,-115.54184,3
2015,2015-08-15,335,8,2,3,6,N,A,Y,A,H,C,C,02,S,01,E,,,Y,,I,Y,N,D,1,0,0,1,23152.0,1,32.76027196,-115.5519844,3
2015,2015-08-12,1735,8,2,17,3,N,A,Y,A,H,A,C,02,W,03,F,,,Y,,A,Y,N,D,1,0,0,1,22350.0,1,32.74176273,-114.88307258,3
2015,2015-08-13,659,8,2,6,4,N,A,N,A,H,A,A,01,E,17,B,,,,,C,N,N,D,1,0,0,0,21209.0,2,32.79178571,-115.5604331,4
2015,2015-08-05,2000,8,2,20,3,Y,A,N,A,H,B,A,01,,09,D,,,,,C,N,N,D,1,0,0,0,21801.0,2,32.75968834,-115.5608511,4