ACCIDENT_YEAR,COLLISION_DATE,COLLISION_TIME,MONTH,SEASON,24HOURS,DAY_OF_WEEK,INTERSECTION,WEATHER_1,STATE_HWY_IND,ROAD_SURFACE,ROAD_COND_1,LIGHTING,STWD_VEHTYPE_AT_FAULT,CHP_VEHTYPE_AT_FAULT,DIRECTION,PCF_VIOL_CATEGORY,TYPE_OF_COLLISION,PEDESTRIAN_ACCIDENT,BICYCLE_ACCIDENT,MOTORCYCLE_ACCIDENT,TRUCK_ACCIDENT,MVIW,TOW_AWAY,HIT_AND_RUN,CONTROL_DEVICE,NUMBER_INJURED,COUNT_PED_INJURED,COUNT_BICYCLIST_INJURED,COUNT_MC_INJURED,PCF_VIOLATION,PARTY_COUNT,POINT_Y,POINT_X,COLLISION_SEVERITY
2018,2018-04-30,1120,4,1,11,1,Y,A,N,A,H,A,A,01,,09,D,,,,,C,Y,N,D,1,0,0,0,21802.0,2,32.78142166137695,-115.62064361572266,4
2018,2018-05-07,425,5,1,4,1,N,A,Y,A,H,D,A,01,E,05,B,,,,Y,C,Y,N,D,1,0,0,0,21460.0,3,33.10804748535156,-114.89514923095705,4
2018,2018-05-02,2305,5,1,23,3,N,A,N,A,H,D,C,06,W,01,H,,,Y,,A,Y,N,D,1,0,0,1,23152.0,1,33.3768310546875,-115.69393157958984,2
2018,2018-05-03,1640,5,1,16,4,N,A,N,A,H,A,A,01,N,03,C,,,,,C,Y,N,D,1,0,0,0,22350.0,2,32.78147506713867,-115.62064361572266,4
2018,2018-05-03,1730,5,1,17,4,N,A,Y,A,H,A,A,07,N,08,F,,,,,A,Y,N,D,2,0,0,0,22107.0,1,32.88824844360352,-115.50914764404295,4
2018,2018-05-06,530,5,1,5,7,Y,A,Y,A,H,D,D,22,,03,E,,,,,I,Y,N,A,5,0,0,0,22350.0,1,,,3
2018,2018-05-04,1712,5,1,17,5,N,A,Y,A,H,A,A,01,S,03,C,,,,,C,N,M,A,2,0,0,0,22350.0,2,33.278926849365234,-115.96390533447266,4
2018,2018-05-06,1550,5,1,15,7,N,A,Y,A,H,A,D,22,S,08,F,,,,,A,Y,N,D,2,0,0,0,22107.0,1,33.160259246826165,-115.51905822753906,3
2018,2018-05-08,1350,5,1,13,2,Y,A,Y,A,H,A,A,01,,09,D,,,,,C,Y,N,A,2,0,0,0,21802.0,2,32.82577133178711,-115.50131225585938,4
2018,2018-04-17,1055,4,1,10,2,N,A,N,A,H,A,A,01,S,08,E,,,,,I,Y,N,D,1,0,0,0,22107.0,1,32.792198181152344,-115.62061309814452,4
2018,2018-05-10,2110,5,1,21,4,N,A,Y,A,H,A,A,01,S,03,C,,,,,C,Y,N,A,2,0,0,0,22350.0,2,32.728397369384766,-115.50037384033205,4
2018,2018-05-13,1700,5,1,17,7,N,A,N,A,H,A,A,01,S,08,F,,,,,A,Y,N,A,1,0,0,0,22107.0,1,,,3
2018,2018-05-09,650,5,1,6,3,N,A,Y,A,H,B,A,07,N,08,F,,,,,A,Y,N,D,1,0,0,0,22107.0,1,33.31149673461914,-115.60020446777344,4
2018,2018-05-06,1915,5,1,19,7,N,A,Y,A,H,B,A,01,E,08,F,,,,,A,Y,N,D,1,0,0,0,22107.0,1,32.679649353027344,-115.593994140625,4
2018,2018-05-10,1015,5,1,10,4,Y,A,N,A,H,A,A,01,,09,D,,,,,C,Y,N,A,2,0,0,0,21802.0,2,32.78142166137695,-115.62064361572266,3
2018,2018-05-14,1420,5,1,14,1,N,A,Y,A,H,A,A,01,N,08,B,,,,Y,C,Y,N,A,1,0,0,0,22107.0,2,32.80025863647461,-115.50055694580078,4
2018,2018-05-16,1514,5,1,15,3,N,A,N,A,H,A,A,01,N,03,C,,,,,C,N,N,A,2,0,0,0,22350.0,2,32.84740447998047,-115.53568267822266,4
2018,2018-05-20,2355,5,1,23,7,N,A,Y,A,H,D,A,01,S,01,B,,,,,C,N,N,D,1,0,0,0,23152.0,2,32.726558685302734,-115.50034332275392,3
2018,2018-05-11,705,5,1,7,5,N,A,Y,A,H,A,D,22,E,08,F,,,,,A,Y,N,D,1,0,0,0,22107.0,1,32.98746109008789,-115.128173828125,3
2018,2018-05-16,2350,5,1,23,3,N,A,Y,A,H,D,A,01,E,01,C,,,,,C,Y,M,D,1,0,0,0,23152.0,2,32.774009704589844,-115.61915588378906,3
2018,2018-05-16,1615,5,1,16,3,N,A,Y,A,H,A,A,01,N,08,B,,,,,E,Y,N,D,3,0,0,0,22107.0,2,32.78850173950195,-115.500732421875,4
2020,2020-04-26,1331,4,1,13,7,Y,A,N,A,H,A,A,01,,12,B,,,,,C,Y,N,A,1,0,0,0,21453.0,2,32.79655075073242,-115.57872009277344,4
2018,2018-05-27,2030,5,1,20,7,N,A,N,A,H,C,C,02,E,01,E,,,Y,,I,N,N,D,1,0,0,1,23152.0,1,32.737918853759766,-115.54061889648438,3
2018,2018-05-25,1640,5,1,16,5,N,A,N,A,H,A,A,01,N,08,F,,,,,A,Y,N,D,1,0,0,0,22107.0,1,32.869903564453125,-115.53556823730467,3
2018,2018-05-27,1555,5,1,15,7,N,A,N,A,H,A,A,01,S,03,E,,,,,I,Y,N,A,1,0,0,0,22350.0,1,33.125511169433594,-115.56259155273438,4
2018,2018-05-21,715,5,1,7,1,N,A,N,A,H,A,A,01,S,08,F,,,,,A,Y,N,D,1,0,0,0,22107.0,1,32.719085693359375,-115.53427124023438,3
2018,2018-05-22,755,5,1,7,2,Y,A,Y,A,H,A,D,22,,09,D,,,,,C,Y,N,A,2,0,0,0,21802.0,2,32.811119079589844,-115.33712768554688,4
2018,2018-05-28,2017,5,1,20,1,Y,A,N,A,H,D,A,01,,03,E,,,,,I,Y,N,D,1,0,0,0,22350.0,1,32.825531005859375,-115.64643096923828,3
2018,2018-05-29,1835,5,1,18,2,N,A,Y,A,H,A,A,01,S,07,C,,,,Y,C,Y,N,D,1,0,0,0,21658.0,2,33.07298278808594,-115.73940277099608,4
2018,2018-06-01,1920,6,2,19,5,N,A,N,A,H,A,A,01,N,08,F,,,,,A,Y,N,D,1,0,0,0,22107.0,1,32.70828628540039,-115.430908203125,4
2018,2018-05-24,440,5,1,4,4,N,A,N,A,H,C,A,01,S,03,E,,,,,I,Y,N,D,1,0,0,0,22350.0,1,32.715309143066406,-115.67893981933594,4
2018,2018-05-29,1103,5,1,11,2,N,A,Y,A,H,A,A,01,E,08,E,,,,,I,Y,N,D,1,0,0,0,22107.0,1,32.65884017944336,-116.09864807128906,4
2018,2018-05-30,1325,5,1,13,3,N,A,N,A,H,A,A,07,S,03,C,,,,,C,N,N,D,2,0,0,0,22350.0,2,32.77370071411133,-115.55232238769533,4
2018,2018-06-01,1300,6,2,13,5,Y,A,N,A,H,A,A,08,,09,D,,,,,C,Y,N,A,2,0,0,0,21802.0,2,32.81106948852539,-115.64629364013672,4
2018,2018-05-30,1345,5,1,13,3,Y,A,N,A,H,A,A,01,,09,D,,,,,C,Y,N,A,3,0,0,0,21802.0,2,33.2346,-115.5159,3
2018,2018-06-01,635,6,2,6,5,N,A,Y,A,H,A,A,01,W,08,E,,,,,I,Y,N,D,1,0,0,0,22107.0,1,32.97385787963867,-115.18218231201172,4
2018,2018-06-03,2150,6,2,21,7,N,A,Y,A,H,B,A,01,W,03,C,,,,,C,Y,N,D,1,0,0,0,22350.0,2,32.75802993774414,-115.85698699951172,4
2018,2018-03-05,2210,3,1,22,1,N,A,N,A,H,D,C,02,N,01,F,,,Y,,A,Y,N,A,0,0,0,0,23152.0,1,32.89807891845703,-115.53553009033205,1
2018,2018-06-06,740,6,2,7,3,Y,A,N,A,H,A,A,01,,09,D,,,,,C,Y,N,A,1,0,0,0,21802.0,2,32.79949188232422,-115.50163269042967,3
2018,2018-06-04,345,6,2,3,1,Y,A,N,A,H,D,A,01,,01,F,,,,,A,Y,N,A,1,0,0,0,23152.0,1,32.752811431884766,-114.63318634033205,3
2018,2018-06-11,1455,6,2,14,1,Y,A,N,A,H,A,A,01,,12,D,,,,,C,Y,N,A,2,0,0,0,22450.0,2,32.70848083496094,-115.430908203125,3
2018,2018-06-08,1500,6,2,15,5,N,A,Y,A,H,A,A,07,S,01,F,,,,,A,Y,N,D,1,0,0,0,23152.0,2,32.72232437133789,-115.50025939941406,4
2018,2018-06-13,527,6,2,5,3,N,A,Y,A,H,A,A,01,N,08,E,,,,,I,Y,N,D,1,0,0,0,22107.0,1,32.95469665527344,-115.55658721923828,3
2018,2018-06-06,915,6,2,9,3,N,A,Y,A,H,A,A,01,S,03,C,,,,,C,Y,N,A,1,0,0,0,22350.0,2,32.73046875,-115.50040435791016,3
2018,2018-06-07,455,6,2,4,4,N,A,N,A,H,B,A,01,N,08,F,,,,,A,Y,N,D,1,0,0,0,22107.0,1,32.78535842895508,-115.67225646972656,3
2018,2018-06-08,1200,6,2,12,5,N,A,N,A,H,A,A,01,E,01,C,,,,,C,Y,N,A,1,0,0,0,23152.0,2,32.75242614746094,-115.57766723632812,3
2018,2018-06-10,725,6,2,7,7,N,A,Y,A,H,A,A,01,E,08,F,,,,,J,Y,N,D,1,0,0,0,22107.0,1,32.71342468261719,-114.92243957519533,3
2018,2018-06-10,1540,6,2,15,7,Y,A,Y,A,H,A,A,01,,09,E,,,,,J,Y,N,A,1,0,0,0,21802.0,2,32.98428726196289,-115.5778579711914,4
2018,2018-06-09,415,6,2,4,6,N,A,N,A,H,D,N,60,E,11,G,Y,,,,B,N,N,D,1,1,0,0,21956.0,2,32.78196716308594,-115.66884613037108,3
2018,2018-06-12,2000,6,2,20,2,N,A,Y,A,H,B,A,01,S,01,E,,,,,J,Y,N,D,1,0,0,0,23152.0,1,33.087356567382805,-115.51654815673828,3
2018,2018-06-18,500,6,2,5,1,N,A,Y,A,H,B,D,22,W,08,E,,,,,I,Y,N,D,2,0,0,0,22107.0,1,32.7738151550293,-115.57367706298828,3
2018,2018-06-19,1320,6,2,13,2,N,A,Y,A,H,A,C,02,E,03,F,,,Y,,A,Y,N,D,2,0,0,1,22350.0,2,,,3
2018,2018-06-14,810,6,2,8,4,N,A,Y,A,H,A,A,07,W,07,C,,,,,C,Y,N,D,2,0,0,0,21658.0,2,32.725181579589844,-116.03694915771484,3
2018,2018-06-22,350,6,2,3,5,N,A,Y,A,H,D,A,07,E,08,F,,,,,A,Y,N,D,1,0,0,0,22107.0,1,33.23616027832031,-114.83802032470705,4
2018,2018-06-20,845,6,2,8,3,N,A,Y,A,H,A,A,07,E,08,F,,,,,I,Y,N,D,2,0,0,0,22107.0,1,33.09315490722656,-114.9023895263672,3
2018,2018-06-22,730,6,2,7,5,N,A,Y,A,H,A,D,22,E,08,F,,,,,A,Y,N,D,1,0,0,0,22107.0,1,32.737205505371094,-115.98048400878906,3
2018,2018-06-28,1500,6,2,15,4,N,A,N,A,H,A,A,01,E,08,E,,,,,I,Y,N,D,2,0,0,0,22107.0,1,32.70862579345703,-115.4816436767578,4
2018,2018-06-24,2140,6,2,21,7,N,A,Y,A,H,B,D,22,W,08,E,,,,,I,Y,N,D,2,0,0,0,22107.0,1,32.773880004882805,-115.7130126953125,3
2018,2018-06-02,500,6,2,5,6,N,A,N,A,H,B,D,22,E,08,F,,,,,A,Y,N,D,0,0,0,0,22107.0,1,32.91651153564453,-115.42313385009766,1
2018,2018-06-30,1515,6,2,15,6,N,A,Y,A,H,A,A,01,E,08,E,,,,,I,Y,N,D,2,0,0,0,22107.0,1,32.6493034362793,-116.10261535644533,3
2018,2018-06-30,430,6,2,4,6,N,A,Y,A,H,D,A,01,S,01,E,,,,,I,Y,N,D,1,0,0,0,23152.0,1,32.818557739257805,-115.50130462646484,3
2018,2018-07-02,1625,7,2,16,1,N,A,Y,A,H,A,G,26,S,07,B,,,,Y,C,Y,N,D,1,0,0,0,21658.0,2,33.03707504272461,-115.66105651855467,4
2018,2018-07-03,1740,7,2,17,2,N,A,Y,A,H,A,A,01,S,01,F,,,,,A,Y,N,D,1,0,0,0,23152.0,1,32.93912124633789,-115.4062728881836,4
2018,2018-06-29,600,6,2,6,5,N,A,Y,A,H,A,A,07,W,08,F,,,,,A,Y,N,D,1,0,0,0,22107.0,1,32.694664001464844,-115.28933715820312,3
2018,2018-07-07,1655,7,2,16,6,N,A,Y,A,H,A,A,01,W,03,C,,,,,C,Y,N,D,3,0,0,0,22350.0,2,32.773685455322266,-115.54204559326172,3
2018,2018-07-06,440,7,2,4,5,N,A,Y,A,H,D,A,01,E,08,E,,,,,I,Y,N,D,1,0,0,0,22107.0,1,32.655372619628906,-116.09762573242188,4
2018,2018-06-28,950,6,2,9,4,N,B,N,A,H,A,A,01,W,09,D,,,,Y,C,Y,N,A,2,0,0,0,21802.0,2,32.82551956176758,-115.50672912597656,3
2018,2018-06-19,1219,6,2,12,2,N,A,Y,A,G,A,A,07,W,08,E,,,,,I,Y,N,D,4,0,0,0,22107.0,1,32.67934036254883,-115.56305694580078,2
2018,2018-07-04,1455,7,2,14,3,Y,A,Y,A,H,A,A,01,,09,D,,,Y,,C,Y,N,A,1,0,0,1,21802.0,2,32.68312454223633,-115.38622283935548,2
2018,2018-07-11,1905,7,2,19,3,N,A,Y,B,H,A,A,01,W,08,F,,,,,A,Y,N,A,1,0,0,0,22107.0,1,32.72450256347656,-116.03766632080078,3
2018,2018-07-12,1619,7,2,16,4,N,C,Y,B,G,A,-,- ,N,18,F,,,,Y,A,Y,N,D,1,0,0,0,,1,33.269466400146484,-115.95723724365234,3
2018,2018-07-12,929,7,2,9,4,N,A,Y,A,H,A,A,01,W,08,F,,,,,A,Y,N,D,1,0,0,0,22107.0,1,32.6794548034668,-115.65879821777344,4
2018,2018-07-13,930,7,2,9,5,N,A,N,A,H,A,A,07,S,08,E,,,,,I,Y,N,D,1,0,0,0,22107.0,1,32.749114990234375,-114.6505889892578,4
2018,2018-07-14,2120,7,2,21,6,N,A,N,A,H,D,A,07,S,08,B,,,Y,,C,Y,N,D,1,0,0,1,22107.0,2,32.83422088623047,-115.59500885009766,4
2018,2018-07-12,1458,7,2,14,4,Y,A,Y,A,H,A,D,22,,09,A,,,,,C,Y,N,A,2,0,0,0,21801.0,2,32.974143981933594,-115.40799713134766,4
2018,2018-07-16,1525,7,2,15,1,N,A,Y,A,H,A,A,01,E,03,E,,,,,I,Y,N,D,1,0,0,0,22350.0,1,33.32756805419922,-114.72712707519533,3
2018,2018-07-13,2034,7,2,20,5,N,A,N,A,H,D,L,04,E,08,D,,Y,,,G,N,N,D,1,0,1,0,22107.0,2,33.401798248291016,-116.03752136230467,3
2018,2018-07-16,1350,7,2,13,1,Y,A,Y,A,H,A,A,01,,12,D,,,,,C,Y,N,A,2,0,0,0,22450.0,2,33.10395050048828,-115.4496612548828,3
2018,2018-05-01,1320,5,1,13,2,N,A,Y,A,H,A,D,22,N,08,A,,,,Y,I,Y,N,D,2,0,0,0,22107.0,2,33.323692321777344,-115.99716186523438,1
2018,2018-07-24,605,7,2,6,2,Y,A,N,A,H,A,A,01,,09,D,,,,,C,Y,N,A,1,0,0,0,21802.0,2,32.93558120727539,-115.62164306640624,2
2017,2017-11-09,1330,11,3,13,4,N,A,Y,A,H,A,A,07,E,03,A,,,,,C,Y,N,D,0,0,0,0,22350.0,2,32.64659,-116.10585,1
2018,2018-05-29,2040,5,1,20,2,Y,A,N,A,H,D,D,22,,01,B,Y,,,Y,C,Y,N,D,1,0,0,0,23152.0,3,33.14754867553711,-115.61434936523438,1
2018,2018-07-17,1642,7,2,16,2,Y,A,N,A,H,A,A,01,,03,C,,,,,C,Y,N,A,1,0,0,0,22350.0,2,32.79087829589844,-115.38372802734376,3
2018,2018-07-19,530,7,2,5,4,Y,A,N,A,H,B,A,01,,12,E,,,,,I,Y,N,A,1,0,0,0,22450.0,1,32.781854,-114.616399,3
2018,2018-07-17,720,7,2,7,2,N,A,N,A,H,A,A,01,N,03,E,,,,,I,Y,N,D,1,0,0,0,22350.0,1,32.73064041137695,-115.56031799316406,4
2018,2018-07-19,905,7,2,9,4,N,A,Y,A,H,A,D,22,S,08,F,,,,,A,Y,N,A,1,0,0,0,22107.0,1,33.3087272644043,-115.98605346679688,3
2018,2018-07-22,1245,7,2,12,7,Y,A,N,A,H,A,A,01,,03,C,,,,,C,N,N,A,1,0,0,0,22350.0,2,32.737918853759766,-115.53459167480467,4
2018,2018-07-21,2145,7,2,21,6,Y,A,Y,A,H,C,A,07,,12,D,,,,,C,Y,N,A,3,0,0,0,21453.0,2,33.00205993652344,-115.5440673828125,4
2018,2018-07-19,620,7,2,6,4,N,A,Y,A,H,A,A,01,S,08,F,,,,,A,Y,N,D,1,0,0,0,22107.0,1,33.36307144165039,-115.76377105712892,4
2018,2018-07-25,1540,7,2,15,3,N,A,N,A,H,A,A,01,S,08,E,,,,,I,Y,N,D,1,0,0,0,22107.0,1,32.93766403198242,-115.44890594482422,3
2018,2018-07-21,1430,7,2,14,6,Y,A,N,A,H,A,M,46,,09,D,,,,,C,Y,N,A,1,0,0,0,21802.0,2,32.88365173339844,-115.53549957275392,2
2018,2018-07-24,605,7,2,6,2,N,A,Y,A,H,A,A,01,E,08,F,,,,,A,Y,N,D,1,0,0,0,22107.0,1,32.81875991821289,-114.53034973144533,3
2020,2020-03-31,1353,3,1,13,2,Y,A,N,A,H,A,-,,,12,D,,,,,C,N,N,A,1,0,0,0,21453.0,2,32.781471252441406,-115.57848358154295,3
2018,2018-07-29,1913,7,2,19,7,N,B,N,A,H,B,D,22,E,08,E,,,,,I,Y,N,D,1,0,0,0,22107.0,1,32.78192138671875,-114.61600494384766,4
2018,2018-07-29,1315,7,2,13,7,Y,A,N,A,H,A,C,06,,09,D,,,Y,,C,Y,N,A,1,0,0,1,21800.0,2,33.332149505615234,-115.97029876708984,2
2018,2018-07-26,1011,7,2,10,4,N,A,N,A,H,A,A,01,S,21,D,,,,,C,Y,N,D,1,0,0,0,22106.0,2,32.76691818237305,-115.5180206298828,1
2018,2018-07-27,1235,7,2,12,5,N,A,Y,A,H,A,A,01,N,08,D,,,,Y,C,Y,N,D,2,0,0,0,22107.0,2,33.10444259643555,-115.8079071044922,4
2018,2018-07-31,1220,7,2,12,2,N,A,Y,A,H,A,G,27,S,08,D,,,,Y,C,Y,N,D,1,0,0,0,22107.0,2,33.04964065551758,-115.71945190429688,4
2019,2019-12-20,916,12,4,9,5,-,A,Y,A,H,A,A,07,,03,C,,,,,C,Y,N,A,1,0,0,0,22350.0,2,33.000675201416016,-115.52556610107422,4
2020,2020-03-30,1125,3,1,11,1,Y,A,N,A,H,A,A,01,,03,C,,,,,C,N,N,D,2,0,0,0,22350.0,2,32.79513168334961,-115.56996154785156,2
2018,2018-08-03,1828,8,2,18,5,N,A,Y,A,H,A,A,01,W,08,F,,,,,A,Y,N,D,1,0,0,0,22107.0,1,32.7732048034668,-115.28620147705078,3
2018,2018-08-03,900,8,2,9,5,N,A,Y,A,H,A,A,01,E,08,E,,,,,I,Y,N,A,1,0,0,0,22107.0,1,,,3
2018,2018-08-07,1019,8,2,10,2,N,A,Y,A,H,A,A,01,E,08,E,,,,,I,Y,N,D,1,0,0,0,22107.0,1,32.77389144897461,-115.55213928222656,2
2018,2018-08-09,1725,8,2,17,4,N,C,Y,B,H,A,A,01,E,03,E,,,,,I,Y,N,D,1,0,0,0,22350.0,1,32.673580169677734,-116.07698822021484,3
2018,2018-08-11,1443,8,2,14,6,N,A,Y,A,H,A,A,01,N,08,E,,,,,I,Y,N,D,1,0,0,0,22107.0,1,33.23585891723633,-115.51907348632812,3
2018,2018-08-10,110,8,2,1,5,N,A,Y,A,H,D,D,22,E,08,E,,,,,I,Y,N,D,1,0,0,0,22107.0,1,32.746524810791016,-114.73828887939452,4
2018,2018-08-12,2205,8,2,22,7,N,A,Y,A,H,D,C,02,S,08,E,,,Y,,I,Y,N,A,1,0,0,1,22107.0,1,32.73126220703125,-114.71710205078124,3
2018,2018-06-29,1533,6,2,15,5,N,A,Y,A,H,A,A,08,N,08,F,,,,,A,Y,N,D,6,0,0,0,22107.0,1,33.009010314941406,-115.44884490966795,1
2018,2018-08-11,830,8,2,8,6,N,A,Y,A,H,A,A,01,W,03,C,,,,,C,Y,N,D,2,0,0,0,22350.0,2,32.77393341064453,-115.50108337402344,4
2018,2018-08-10,1021,8,2,10,5,Y,A,N,A,H,A,A,07,,05,B,,,,Y,C,Y,N,D,1,0,0,0,21460.0,2,32.811031341552734,-115.50148010253906,3
2018,2018-07-04,1445,7,2,14,3,N,A,Y,A,H,A,A,01,E,08,A,,,,Y,C,Y,N,D,1,0,0,0,22107.0,3,,,1
2020,2020-02-28,2310,2,4,23,5,-,A,N,A,H,C,A,01,,03,A,,,,,E,N,N,D,1,0,0,0,22350.0,2,32.784954,-115.562627,4
2018,2018-08-15,623,8,2,6,3,N,A,Y,A,H,A,G,25,,03,C,,,,Y,C,Y,N,A,1,0,0,0,22350.0,3,32.75286102294922,-115.50076293945312,4
2018,2018-08-12,303,8,2,3,7,Y,A,N,A,H,C,A,01,,01,D,,,,Y,D,Y,N,A,2,0,0,0,23152.0,2,32.91267013549805,-115.50779724121094,2
2018,2018-08-22,643,8,2,6,3,Y,A,N,A,H,A,A,01,,09,D,,,,,C,Y,N,A,2,0,0,0,21802.0,2,32.76005935668945,-114.61612701416016,4
2018,2018-08-16,1945,8,2,19,4,N,C,Y,B,H,B,A,01,E,03,E,,,,,I,Y,N,D,1,0,0,0,22350.0,1,32.660770416259766,-116.10125732421876,3
2018,2018-08-17,1424,8,2,14,5,N,A,N,A,H,A,A,07,N,12,D,,,,,C,Y,N,A,3,0,0,0,22450.0,2,32.730262756347656,-115.43087768554688,3
2018,2018-08-19,305,8,2,3,7,Y,A,N,A,H,D,D,22,,01,E,,,,,I,Y,N,A,2,0,0,0,23152.0,1,32.76691818237305,-115.5180206298828,3
2018,2018-08-15,1255,8,2,12,3,N,A,N,A,H,A,M,96,N,09,D,,,,,C,N,N,D,1,0,0,0,21804.0,2,33.40694046020508,-116.03921508789062,4
2018,2018-08-20,1703,8,2,17,1,N,A,N,A,H,A,A,01,S,03,C,,,,,C,Y,N,A,1,0,0,0,22350.0,3,32.826786041259766,-115.5614776611328,3
2018,2018-08-20,1950,8,2,19,1,Y,A,N,A,H,C,A,07,,09,D,,,,,C,Y,N,A,2,0,0,0,21802.0,2,32.83274841308594,-115.38027954101562,3
2018,2018-08-16,850,8,2,8,4,Y,A,N,A,H,A,A,01,,09,D,,,,,C,Y,N,A,2,0,0,0,21802.0,2,32.75210952758789,-115.46501922607422,2
2018,2018-08-25,1555,8,2,15,6,Y,A,N,A,H,A,F,26,,02,D,,,,Y,C,Y,N,A,1,0,0,0,22400.0,2,32.847389221191406,-115.62075805664062,3
2018,2018-08-04,2225,8,2,22,6,N,A,Y,A,H,D,N,60,N,11,G,Y,,,,B,Y,N,D,0,0,0,0,21954.0,2,32.856449127197266,-115.5091552734375,1
2018,2018-08-22,940,8,2,9,3,N,A,N,A,H,A,A,01,S,03,C,,,,,C,N,N,A,2,0,0,0,22350.0,2,32.752288818359375,-115.53492736816406,3
2018,2018-08-23,139,8,2,1,4,N,A,N,A,H,D,D,22,E,01,F,,,,,A,Y,N,D,1,0,0,0,23152.0,1,32.752464294433594,-115.57469940185548,3
2018,2018-08-28,520,8,2,5,2,N,A,Y,A,H,B,A,07,N,08,E,,,,,I,Y,N,D,1,0,0,0,22107.0,1,33.36174392700195,-116.02017211914062,2
2018,2018-05-11,1030,5,1,10,5,N,G,Y,A,H,A,B,07,W,08,F,,,,,A,Y,N,D,7,0,0,0,22107.0,1,32.75922775268555,-115.84934997558594,1
2018,2018-08-27,1000,8,2,10,1,N,A,Y,A,H,A,A,07,S,08,E,,,,,I,Y,N,D,1,0,0,0,22107.0,1,33.037899017333984,-115.7029037475586,3
2018,2018-08-27,625,8,2,6,1,N,A,N,A,H,B,A,07,W,03,C,,,,,C,Y,N,D,3,0,0,0,22350.0,3,32.8033332824707,-115.44980621337892,3
2018,2018-08-29,2035,8,2,20,3,Y,A,N,A,H,D,A,01,,12,D,,,,Y,C,Y,N,A,1,0,0,0,22450.0,2,32.79656982421875,-115.64645385742188,3
2018,2018-09-02,1930,9,3,19,7,N,A,Y,A,H,D,-,- ,E,18,H,,,,,H,Y,N,D,2,0,0,0,,1,33.08863067626953,-114.9067153930664,4
2018,2018-08-29,1045,8,2,10,3,Y,A,Y,A,H,A,D,22,,09,D,,,,,C,Y,N,A,1,0,0,0,21803.0,2,33.01553726196289,-115.60034942626952,3
2018,2018-03-20,600,3,1,6,2,N,A,N,A,H,D,A,07,W,08,F,,,,,A,Y,N,D,3,0,0,0,22107.0,1,32.912689208984375,-115.59659576416016,1
2018,2018-09-03,405,9,3,4,1,N,A,Y,A,H,D,A,01,E,08,E,,,,,J,Y,N,D,1,0,0,0,22107.0,1,32.67945861816406,-115.66541290283205,3
2020,2020-03-09,1402,3,1,14,1,N,B,N,A,H,-,L,04,S,08,A,,Y,,,G,N,N,A,1,0,1,0,22107.0,2,32.761518,-115.53489,3
2018,2018-09-03,1235,9,3,12,1,N,A,Y,A,H,A,A,07,W,03,C,,,,,C,Y,N,D,5,0,0,0,22350.0,3,32.77389907836914,-115.53521728515624,4
2018,2018-09-08,840,9,3,8,6,N,A,N,A,H,A,A,01,E,21,C,,,,,C,N,N,A,2,0,0,0,22106.0,2,32.799808502197266,-115.50052642822266,4
2018,2018-09-11,2350,9,3,23,2,N,A,Y,A,H,D,A,07,W,08,E,,,,,I,Y,N,D,1,0,0,0,22107.0,1,32.75138473510742,-115.90231323242188,4
2020,2020-03-13,804,3,1,8,5,Y,A,N,A,H,A,A,01,,12,D,,,,,C,Y,N,A,2,0,0,0,22450.0,2,32.78145980834961,-115.58145904541016,3
2020,2020-03-14,1155,3,1,11,6,N,A,N,A,H,A,C,02,E,08,E,,,Y,,I,N,N,D,1,0,0,1,22107.0,1,32.77100372314453,-115.55744171142578,4
2020,2020-03-13,1006,3,1,10,5,Y,A,N,A,H,A,-,,,12,D,,,,,C,Y,N,A,1,0,0,0,22450.0,2,32.791778564453125,-115.55695343017578,3
2018,2018-09-06,1851,9,3,18,4,N,A,N,A,H,A,A,01,N,08,E,,,,,I,Y,N,D,1,0,0,0,22107.0,1,32.69760513305664,-115.53408050537108,4
2018,2018-09-15,1135,9,3,11,6,Y,A,N,A,H,A,A,01,,03,E,,,,,I,Y,N,D,1,0,0,0,22350.0,1,32.97740936279297,-115.6586685180664,4
2018,2018-09-14,1145,9,3,11,5,N,A,Y,A,H,A,I,20,S,21,C,,,,,C,N,N,A,1,0,0,0,22106.0,2,32.7304801940918,-115.50040435791016,4