ACCIDENT_YEAR,COLLISION_DATE,COLLISION_TIME,MONTH,SEASON,24HOURS,DAY_OF_WEEK,INTERSECTION,WEATHER_1,STATE_HWY_IND,ROAD_SURFACE,ROAD_COND_1,LIGHTING,STWD_VEHTYPE_AT_FAULT,CHP_VEHTYPE_AT_FAULT,DIRECTION,PCF_VIOL_CATEGORY,TYPE_OF_COLLISION,PEDESTRIAN_ACCIDENT,BICYCLE_ACCIDENT,MOTORCYCLE_ACCIDENT,TRUCK_ACCIDENT,MVIW,TOW_AWAY,HIT_AND_RUN,CONTROL_DEVICE,NUMBER_INJURED,COUNT_PED_INJURED,COUNT_BICYCLIST_INJURED,COUNT_MC_INJURED,PCF_VIOLATION,PARTY_COUNT,POINT_Y,POINT_X,COLLISION_SEVERITY
2019,2019-10-19,500,10,3,5,6,N,A,N,A,H,D,A,01,E,01,E,,,,,I,Y,N,D,1,0,0,0,23152.0,1,32.80336380004883,-115.43609619140624,4
2019,2019-10-21,858,10,3,8,1,N,A,N,A,H,A,D,22,E,04,C,,,,,C,Y,N,D,1,0,0,0,21703.0,2,32.818363189697266,-115.39910125732422,4
2019,2019-10-23,1505,10,3,15,3,Y,A,N,A,H,A,A,01,,09,D,,,,,C,Y,N,A,1,0,0,0,21802.0,3,32.73064041137695,-115.56031799316406,4
2020,2020-05-29,1409,5,1,14,5,N,A,N,A,H,A,A,01,W,09,D,,,,,C,Y,N,A,2,0,0,0,21804.0,2,32.811074,-115.569997,3
2019,2019-10-24,1540,10,3,15,4,N,A,N,A,H,A,A,01,N,03,C,,,,,C,Y,N,D,3,0,0,0,22350.0,2,32.71075439453125,-115.53412628173828,4
2019,2019-10-27,800,10,3,8,7,Y,A,Y,A,H,A,E,22,,09,D,,,,,C,Y,N,A,1,0,0,0,21802.0,2,33.35727310180664,-116.018798828125,3
2019,2019-10-27,715,10,3,7,7,N,B,Y,A,H,B,A,07,E,08,F,,,,,A,Y,N,D,1,0,0,0,22107.0,1,32.67792510986328,-115.89629364013672,4
2019,2019-10-31,1539,10,3,15,4,N,A,N,A,H,A,A,08,S,08,F,,,,,A,Y,N,D,1,0,0,0,22107.0,1,32.76812744140625,-115.59500122070312,3
2019,2019-10-28,1910,10,3,19,1,N,A,N,A,H,D,D,22,W,08,A,,,,,E,Y,M,D,1,0,0,0,22107.0,3,33.26343536376953,-115.46322631835938,3
2019,2019-11-05,335,11,3,3,2,N,A,Y,A,H,D,F,27,W,08,E,,,,Y,I,Y,N,D,1,0,0,0,22107.0,1,32.66402053833008,-116.10552978515624,2
2019,2019-11-04,1720,11,3,17,1,N,A,Y,A,H,D,D,22,W,08,B,,,,,C,Y,N,D,1,0,0,0,22107.0,2,32.752838134765625,-114.79158782958984,4
2019,2019-11-01,1205,11,3,12,5,N,A,Y,A,H,A,-,- ,W,18,E,,,,,I,Y,N,D,1,0,0,0,,1,32.77172088623047,-115.28185272216795,2
2019,2019-11-04,1540,11,3,15,1,N,A,Y,A,H,A,D,22,E,03,C,,,,,C,N,N,A,1,0,0,0,22350.0,2,32.775028228759766,-115.62055206298828,3
2019,2019-11-02,1330,11,3,13,6,N,A,Y,A,H,A,D,22,N,01,F,,,,,I,Y,N,A,1,0,0,0,23152.0,1,33.24319839477539,-115.5193099975586,3
2019,2019-11-10,1822,11,3,18,7,Y,A,N,A,H,C,A,07,,12,D,,,,,C,N,N,D,1,0,0,0,22450.0,2,32.84737014770508,-115.5356903076172,4
2019,2019-11-10,1322,11,3,13,7,N,A,Y,A,H,A,A,07,W,07,B,,,,,C,Y,N,D,6,0,0,0,21658.0,2,32.74111557006836,-114.68122863769533,2
2019,2019-11-07,2005,11,3,20,4,Y,A,Y,A,H,C,A,01,,08,B,,,,,C,N,M,A,1,0,0,0,22107.0,2,32.799522399902344,-115.50060272216795,4
2019,2019-11-03,905,11,3,9,7,N,A,Y,A,H,A,A,07,E,08,E,,,,,I,Y,N,D,1,0,0,0,22107.0,1,32.67293167114258,-116.09420776367188,3
2019,2019-11-07,1622,11,3,16,4,N,A,Y,A,H,A,C,02,S,03,C,,,Y,,C,Y,N,D,1,0,0,1,22350.0,2,33.03776550292969,-115.70467376708984,3
2019,2019-11-10,1510,11,3,15,7,N,A,Y,A,H,A,A,01,E,08,F,,,,,A,Y,N,D,1,0,0,0,22107.0,1,32.712547302246094,-115.23236846923828,3
2019,2019-11-08,2245,11,3,22,5,N,A,N,A,H,D,A,01,W,01,C,,,,,C,Y,N,A,2,0,0,0,23152.0,2,32.76691436767578,-115.51783752441406,2
2019,2019-11-10,1625,11,3,16,7,Y,A,Y,A,H,A,A,07,,03,E,,,,,I,Y,N,A,3,0,0,0,22350.0,1,32.99895095825195,-115.58970642089844,4
2019,2019-11-09,1718,11,3,17,6,N,A,N,A,H,C,D,22,N,01,C,,,,,C,Y,F,A,2,0,0,0,23152.0,3,32.79684829711914,-115.62078857421876,4
2019,2019-11-14,1500,11,3,15,4,N,A,Y,A,H,A,A,01,E,06,E,,,,,I,Y,N,D,3,0,0,0,21751.0,1,33.2235221862793,-114.85068511962892,3
2019,2019-10-16,2146,10,3,21,3,N,A,Y,A,H,D,D,22,S,08,E,,,,,I,Y,N,D,0,0,0,0,22107.0,1,32.947998046875,-115.56996154785156,1
2019,2019-11-16,2107,11,3,21,6,N,A,N,A,H,D,N,60,E,11,G,Y,,,,B,N,N,D,1,1,0,0,21956.0,2,32.803314208984375,-115.438232421875,2
2019,2019-11-20,1508,11,3,15,3,N,C,Y,B,C,D,-,- ,E,18,E,,,,,J,Y,N,D,2,0,0,0,,1,32.65995407104492,-116.09852600097656,3
2019,2019-11-15,1017,11,3,10,5,N,A,Y,A,H,A,A,07,S,05,A,,,,,C,Y,N,D,2,0,0,0,21460.0,2,32.73155212402344,-114.71695709228516,3
2019,2019-11-18,1400,11,3,14,1,N,A,Y,A,H,A,G,25,W,03,E,,,,Y,I,Y,N,D,1,0,0,0,22350.0,1,32.694576263427734,-115.28961181640624,4
2019,2019-11-19,1855,11,3,18,2,N,B,N,B,H,C,A,01,W,03,C,,,,,C,Y,N,A,2,0,0,0,22350.0,2,32.82575988769531,-115.49930572509766,4
2019,2019-11-21,1340,11,3,13,4,N,A,N,A,G,A,A,01,S,03,C,,,,,C,Y,N,D,1,0,0,0,22350.0,3,32.908390045166016,-115.53553009033205,4
2019,2019-11-22,1645,11,3,16,5,N,A,N,A,H,B,M,46,N,03,A,,,,,J,Y,N,D,2,0,0,0,22350.0,2,32.9229850769043,-115.62142944335938,2
2019,2019-11-28,1455,11,3,14,4,N,C,Y,D,G,A,A,07,S,03,C,,,,,C,Y,N,D,2,0,0,0,22350.0,3,33.18587875366211,-115.90169525146484,3
2019,2019-11-28,1440,11,3,14,4,N,C,Y,B,H,A,A,01,E,03,E,,,,,J,Y,N,D,2,0,0,0,22350.0,1,32.68941116333008,-116.09121704101562,3
2019,2019-11-22,1940,11,3,19,5,N,A,Y,A,H,D,A,07,W,08,F,,,,,I,Y,N,D,1,0,0,0,22107.0,1,32.69438552856445,-115.31830596923828,3
2019,2019-11-27,1821,11,3,18,3,N,B,Y,B,H,D,A,01,E,03,E,,,,,I,Y,N,D,1,0,0,0,22350.0,1,32.6574592590332,-116.09696197509766,4
2019,2019-11-29,1815,11,3,18,5,N,A,Y,A,H,D,A,01,N,03,C,,,,,C,Y,N,A,1,0,0,0,22350.0,2,32.731300354003906,-115.50041961669922,4
2020,2020-06-08,1709,6,2,17,1,N,A,N,A,H,A,A,01,N,03,C,,,,,C,Y,N,D,2,0,0,0,22350.0,2,32.77277374267578,-115.56108856201172,3
2019,2019-11-25,715,11,3,7,1,Y,A,N,A,H,A,A,01,,12,D,,,,,C,Y,N,A,3,0,0,0,21453.0,2,32.75246047973633,-115.51763153076172,4
2019,2019-12-02,1900,12,4,19,1,N,A,Y,A,H,D,A,07,W,01,B,,,,,C,Y,N,D,1,0,0,0,23152.0,2,32.708938598632805,-115.09687042236328,4
2019,2019-12-01,1225,12,4,12,7,Y,A,Y,A,H,A,A,01,,09,D,,,,,C,Y,N,A,1,0,0,0,21802.0,2,33.357376098632805,-116.01882934570312,3
2019,2019-12-07,1153,12,4,11,6,N,B,N,B,H,A,A,01,W,03,C,,,,,C,Y,N,D,4,0,0,0,22350.0,2,32.79655075073242,-115.67484283447266,4
2019,2019-12-06,1018,12,4,10,5,N,A,N,A,H,A,A,01,E,08,F,,,,,A,Y,N,D,2,0,0,0,22107.0,1,32.79338836669922,-115.6845474243164,4
2019,2019-12-03,755,12,4,7,2,N,A,Y,A,H,A,A,01,N,03,C,,,,,C,N,N,A,1,0,0,0,22350.0,2,32.70878219604492,-115.49942016601562,4
2019,2019-12-04,1410,12,4,14,3,Y,B,N,B,H,A,A,01,,03,D,,,,,C,Y,N,D,1,0,0,0,22352.0,2,33.33583068847656,-115.97409057617188,3
2019,2019-12-03,1750,12,4,17,2,N,A,Y,A,H,C,A,07,S,03,C,,,,,C,Y,N,A,4,0,0,0,22350.0,3,32.79848098754883,-115.50062561035156,4
2019,2019-12-07,2030,12,4,20,6,N,A,Y,A,H,D,A,01,E,08,E,,,,,I,Y,N,D,2,0,0,0,22107.0,1,32.65702438354492,-116.09699249267578,4
2019,2019-12-04,605,12,4,6,3,N,B,N,B,H,A,G,25,N,03,C,,,,Y,D,Y,N,D,2,0,0,0,22350.0,2,33.10452651977539,-115.61434936523438,4
2019,2019-12-07,330,12,4,3,6,N,A,N,A,H,D,A,01,S,01,E,,,,,I,Y,N,D,1,0,0,0,23152.0,1,33.357025146484375,-116.02085876464844,4
2019,2019-12-08,1703,12,4,17,7,N,A,N,A,H,C,A,07,E,08,A,,,,,C,N,N,D,2,0,0,0,22107.0,2,33.241798400878906,-115.49340057373048,4
2019,2019-12-08,620,12,4,6,7,N,A,Y,A,H,B,A,01,E,08,F,,,,,A,Y,N,D,1,0,0,0,22107.0,1,32.74939727783203,-115.91697692871094,2
2019,2019-12-10,1315,12,4,13,2,N,A,Y,A,H,A,-,- ,S,00,B,,,,,C,N,N,D,1,0,0,0,,2,33.08078384399414,-115.52428436279295,4
2019,2019-12-16,1500,12,4,15,1,N,A,Y,A,G,A,A,01,E,03,F,,,,,A,Y,N,D,1,0,0,0,22350.0,1,32.98027038574219,-115.1536102294922,4
2019,2019-12-12,1745,12,4,17,4,N,A,N,A,H,C,D,22,N,03,C,,,,,C,Y,N,D,1,0,0,0,22350.0,2,32.69061279296875,-115.51658630371094,4
2019,2019-12-14,1240,12,4,12,6,N,A,Y,A,H,A,N,60,E,11,G,Y,,,,B,N,N,D,1,1,0,0,21954.0,2,,,4
2019,2019-12-12,820,12,4,8,4,N,A,N,A,H,A,M,46,W,08,D,,,,,C,Y,N,D,1,0,0,0,22107.0,2,32.92652130126953,-115.64897918701172,3
2019,2019-12-21,950,12,4,9,6,N,A,Y,A,H,A,A,01,W,05,A,,,,,C,Y,N,D,2,0,0,0,21460.0,2,33.30826187133789,-114.7404327392578,3
2019,2019-12-18,756,12,4,7,3,N,A,Y,A,H,A,A,01,W,21,C,,,,,C,N,N,D,1,0,0,0,22106.0,2,32.730655670166016,-115.53459167480467,4
2019,2019-12-20,1635,12,4,16,5,Y,A,Y,A,H,B,D,22,,09,D,,,,,C,Y,N,A,1,0,0,0,21801.0,2,32.9791259765625,-115.5615234375,4
2019,2019-12-21,42,12,4,0,6,N,A,Y,A,H,C,A,01,S,08,E,,,,,I,Y,N,D,1,0,0,0,22107.0,1,32.77347946166992,-115.5011978149414,4
2019,2019-12-20,8,12,4,0,5,N,A,Y,A,H,D,-,- ,E,18,D,,,,,C,Y,N,D,1,0,0,0,,2,32.773983001708984,-115.6376495361328,4
2019,2019-12-20,300,12,4,3,5,N,A,N,A,H,E,A,01,N,08,F,,,,,A,Y,M,D,1,0,0,0,22107.0,1,32.818851470947266,-115.56151580810548,3
2019,2019-12-23,450,12,4,4,1,Y,B,Y,A,H,C,A,01,,09,D,,,,,C,Y,N,A,1,0,0,0,21453.0,2,33.27902603149414,-115.96434020996094,4
2019,2019-12-26,950,12,4,9,4,N,B,N,B,H,A,A,01,S,08,E,,,,,I,Y,N,D,1,0,0,0,22107.0,1,32.97747039794922,-115.56145477294922,4
2019,2019-12-25,1328,12,4,13,3,N,A,N,A,H,A,A,01,W,01,E,,,,,I,Y,N,D,2,0,0,0,23152.0,1,33.125728607177734,-115.5354232788086,2
2019,2019-12-25,1427,12,4,14,3,N,A,N,A,H,A,A,01,S,08,E,,,,,I,Y,N,D,1,0,0,0,22107.0,1,32.7192497253418,-115.53427124023438,4
2019,2019-12-29,134,12,4,1,7,Y,A,Y,A,H,C,D,22,,01,D,,,,,C,Y,N,A,4,0,0,0,23153.0,2,32.730648040771484,-115.50040435791016,2
2019,2019-12-31,1612,12,4,16,2,Y,A,N,A,H,A,A,01,,09,D,,,,,C,Y,N,A,3,0,0,0,21802.0,2,32.820308685302734,-115.57868957519533,4
2020,2020-01-01,1844,1,4,18,3,N,A,Y,A,H,D,A,01,W,08,F,,,,,A,Y,N,D,1,0,0,0,22107.0,1,32.76581954956055,-115.81495666503906,3
2019,2019-12-31,1637,12,4,16,2,N,A,Y,A,H,A,C,02,E,03,B,,,Y,,C,Y,N,D,1,0,0,1,22350.0,2,32.67935943603516,-115.56845855712892,4
2020,2020-01-02,805,1,4,8,4,N,A,N,A,H,A,A,01,W,07,B,,,,,C,Y,N,D,1,0,0,0,21658.0,2,32.805763244628906,-115.40640258789062,3
2020,2020-01-04,2230,1,4,22,6,N,A,Y,B,H,C,A,01,S,03,C,,,,,C,N,N,D,2,0,0,0,22350.0,2,32.75127029418945,-115.50074768066406,4
2020,2020-01-04,1723,1,4,17,6,N,A,N,A,H,C,A,01,S,03,C,,,,,C,N,N,A,2,0,0,0,22350.0,2,32.82469940185547,-115.5615463256836,4
2020,2020-01-02,830,1,4,8,4,N,A,Y,A,H,A,D,22,E,08,E,,,,,I,Y,N,D,2,0,0,0,22107.0,1,32.671531677246094,-115.8490982055664,4
2020,2020-01-04,1045,1,4,10,6,N,A,Y,A,H,A,A,01,W,03,E,,,,,I,Y,N,D,2,0,0,0,22350.0,1,32.70185089111328,-116.05518341064452,3
2020,2020-01-06,2124,1,4,21,1,Y,A,Y,A,H,C,A,01,,09,D,,,,,C,Y,N,A,4,0,0,0,21453.0,2,32.730613708496094,-115.50040435791016,1
2020,2020-01-07,1319,1,4,13,2,Y,A,N,A,H,A,A,01,,03,B,,,,Y,C,Y,N,A,1,0,0,0,22350.0,2,33.0755500793457,-115.61444854736328,3
2020,2020-01-09,2500,1,4,25,4,N,A,Y,A,H,A,A,01,E,03,E,,,,,I,Y,N,D,1,0,0,0,22350.0,1,32.672367095947266,-116.0910415649414,3
2020,2020-01-09,455,1,4,4,4,N,A,Y,A,H,D,A,07,E,03,A,,,,,C,Y,F,D,1,0,0,0,22350.0,2,,,4
2020,2020-01-10,610,1,4,6,5,N,A,N,A,H,E,A,01,N,08,E,,,,,I,Y,N,D,1,0,0,0,22107.0,1,33.14753341674805,-115.4932098388672,4
2020,2020-01-10,443,1,4,4,5,N,A,Y,A,H,D,D,22,E,03,G,Y,,,,B,N,N,D,1,1,0,0,22350.0,2,32.97467041015625,-115.3634033203125,2
2020,2020-01-21,1618,1,4,16,2,N,A,Y,A,H,A,D,22,E,08,F,,,,,A,Y,N,D,1,0,0,0,22107.0,1,32.70976638793945,-116.06560516357422,2
2020,2020-01-21,605,1,4,6,2,N,B,N,B,H,B,D,22,S,05,A,,,,Y,C,Y,N,D,3,0,0,0,21460.0,2,32.75200653076172,-115.63782501220705,3
2020,2020-01-17,2042,1,4,20,5,N,A,Y,A,H,D,A,01,E,06,B,,,,,C,Y,N,D,4,0,0,0,21751.0,2,32.69437789916992,-115.31848907470705,2
2019,2019-09-29,730,9,3,7,7,N,A,Y,A,H,A,A,01,S,08,C,,Y,,,G,Y,F,D,2,0,2,0,22107.0,4,32.77049255371094,-115.5010986328125,1
2019,2019-12-01,1838,12,4,18,7,N,A,Y,A,H,D,A,01,W,08,C,Y,,,,E,Y,N,D,5,1,0,0,22107.0,3,32.773189544677734,-115.31271362304688,1
2020,2020-01-20,1545,1,4,15,1,Y,B,Y,A,H,A,A,01,,12,D,,,,,C,Y,N,A,4,0,0,0,21453.0,2,32.75236892700195,-115.55182647705078,3
2020,2020-01-22,750,1,4,7,3,N,A,Y,A,H,A,A,07,S,03,C,,,,,C,Y,N,A,2,0,0,0,22350.0,2,32.79689025878906,-115.50062561035156,4
2020,2020-01-25,1255,1,4,12,6,N,A,Y,A,H,A,A,01,S,03,C,,,,,C,Y,N,A,1,0,0,0,22350.0,2,32.75211715698242,-115.5007553100586,4
2020,2020-01-27,1830,1,4,18,1,N,A,Y,A,H,D,A,07,S,01,B,,,,,C,Y,N,D,1,0,0,0,23152.0,2,33.25464630126953,-115.53988647460938,4
2020,2020-01-23,810,1,4,8,4,N,A,N,A,H,A,A,07,W,03,C,,,,,C,Y,N,A,1,0,0,0,22350.0,2,33.28816604614258,-115.96339416503906,3
2020,2020-01-23,1019,1,4,10,4,N,A,N,A,H,A,A,08,S,03,E,,,,,I,Y,N,D,1,0,0,0,22350.0,1,32.89973449707031,-115.53553771972656,4
2020,2020-01-28,1715,1,4,17,2,N,A,Y,A,H,A,D,22,W,08,E,,,,,I,Y,N,D,1,0,0,0,22107.0,1,32.97441482543945,-115.40782165527344,2
2020,2020-06-10,810,6,2,8,3,Y,A,N,A,H,A,A,01,,01,D,,,,,C,Y,N,A,1,0,0,0,23152.0,2,32.79283142089844,-115.56553649902344,4
2020,2020-01-25,840,1,4,8,6,N,A,N,A,H,A,A,01,S,03,E,,,,,I,Y,N,D,2,0,0,0,22350.0,1,32.73438262939453,-115.53450012207033,4
2020,2020-02-01,1655,2,4,16,6,N,A,Y,A,H,A,C,02,S,08,F,,,Y,,A,Y,N,D,1,0,0,1,22107.0,1,32.772708892822266,-115.50180816650392,4
2020,2020-02-03,1408,2,4,14,1,Y,B,N,A,H,A,A,01,,12,D,,,,,C,Y,N,A,2,0,0,0,22450.0,2,32.70856094360352,-115.46510314941406,2
2020,2020-01-27,1330,1,4,13,1,N,A,Y,A,H,A,A,07,E,03,C,,,,,C,Y,N,D,4,0,0,0,22350.0,2,32.77371597290039,-115.63983917236328,2
2020,2020-01-29,1615,1,4,16,3,N,A,N,A,H,A,A,01,S,05,D,,,,Y,C,Y,N,A,1,0,0,0,21752.0,2,33.01554870605469,-115.6215362548828,2
2020,2020-02-05,1528,2,4,15,3,N,A,Y,A,H,A,A,01,W,08,E,,,,,I,Y,N,D,1,0,0,0,22107.0,1,32.74566650390625,-114.7350845336914,3
2020,2020-02-02,1040,2,4,10,7,N,A,N,A,H,A,A,01,W,03,D,,,,,C,Y,N,D,4,0,0,0,22350.0,2,33.075321197509766,-115.61450958251952,3
2020,2020-01-23,947,1,4,9,4,N,A,N,A,H,A,D,22,S,03,C,,,,,C,Y,N,D,2,0,0,0,22350.0,2,33.09944152832031,-115.61431121826172,2
2020,2020-01-31,1033,1,4,10,5,Y,A,Y,A,H,A,A,07,,05,B,,,,,C,N,N,A,1,0,0,0,21752.0,2,32.974761962890625,-115.32366180419922,3
2020,2020-02-01,753,2,4,7,6,N,A,N,A,H,A,C,02,E,08,E,,,Y,,I,N,N,D,1,0,0,1,22107.0,1,,,3
2020,2020-01-24,615,1,4,6,5,Y,A,Y,A,H,D,M,51,,09,D,,,,,C,Y,N,D,8,0,0,0,21801.0,2,32.97418212890625,-115.40810394287108,3
2019,2019-11-08,315,11,3,3,5,N,A,N,A,H,D,A,01,S,08,B,,,,,C,Y,N,D,1,0,0,0,22107.0,2,33.35671615600586,-116.0201416015625,1
2020,2020-01-31,2230,1,4,22,5,N,A,N,A,H,D,N,60,N,11,G,Y,,,,B,N,F,D,1,1,0,0,21954.0,2,32.980587005615234,-115.5785903930664,3
2020,2020-02-09,1532,2,4,15,7,N,A,N,A,H,A,D,22,S,03,C,,,,,C,Y,N,D,1,0,0,0,22350.0,3,32.74055099487305,-114.72003173828124,4
2020,2020-02-01,435,2,4,4,6,N,A,Y,A,H,D,G,27,E,08,E,,,,Y,I,Y,N,D,1,0,0,0,22107.0,1,32.72492980957031,-116.03910064697266,3
2020,2020-02-06,1855,2,4,18,4,Y,A,N,A,H,D,A,01,,03,E,,,,,I,Y,N,A,1,0,0,0,22350.0,1,33.11119842529297,-115.5084991455078,4
2020,2020-02-07,1445,2,4,14,5,N,A,Y,A,H,A,A,01,E,08,E,,,,,I,Y,N,D,1,0,0,0,22107.0,1,32.734405517578125,-114.63950347900392,3
2020,2020-02-05,1940,2,4,19,3,N,A,Y,A,H,D,A,01,E,08,B,,,,,C,Y,N,D,1,0,0,0,22107.0,2,32.688335418701165,-116.06477355957033,3
2020,2020-02-09,2025,2,4,20,7,N,B,N,A,H,D,A,01,E,08,E,,,,,I,Y,N,D,1,0,0,0,22107.0,1,32.81118392944336,-115.40546417236328,4
2020,2020-02-07,945,2,4,9,5,N,A,Y,A,H,A,A,07,S,08,F,,,,,A,Y,N,D,1,0,0,0,22107.0,1,33.02410125732422,-115.44886779785156,3
2020,2020-02-04,630,2,4,6,2,Y,A,Y,A,H,A,A,01,,12,D,,,,,C,Y,N,A,3,0,0,0,21453.0,2,32.999229431152344,-115.58922576904295,3
2020,2020-02-10,1305,2,4,13,1,N,B,Y,B,H,A,A,01,E,03,E,,,,,I,Y,N,D,1,0,0,0,22350.0,1,32.7433967590332,-115.96066284179688,4
2019,2019-12-05,1723,12,4,17,4,N,A,Y,A,H,D,A,01,S,05,A,,,,,C,Y,N,D,1,0,0,0,21651.0,2,32.8235969543457,-115.50023651123048,1
2019,2019-12-31,1355,12,4,13,2,Y,A,Y,A,H,A,A,01,,09,D,,,,,C,Y,N,A,3,0,0,0,21804.0,2,33.289207458496094,-115.97193145751952,1
2020,2020-02-10,1140,2,4,11,1,Y,A,N,A,H,A,A,01,,09,D,,,,,C,Y,N,A,1,0,0,0,21802.0,2,32.8044319152832,-115.42196655273438,4
2020,2020-02-18,1835,2,4,18,2,N,A,Y,A,H,D,D,22,W,07,B,,,,,C,N,N,D,1,0,0,0,21658.0,2,32.732208251953125,-114.90201568603516,4
2020,2020-02-14,1726,2,4,17,5,N,A,Y,A,H,A,D,22,S,08,F,,,,,A,Y,N,D,1,0,0,0,22107.0,1,33.28734588623047,-115.97017669677734,4
2020,2020-02-15,1210,2,4,12,6,N,A,N,A,H,A,A,01,S,03,F,,,,,A,Y,N,D,1,0,0,0,22350.0,1,33.05345153808594,-115.15781402587892,3
2020,2020-02-16,1120,2,4,11,7,N,A,N,A,H,A,A,01,S,08,F,,,,,A,Y,N,D,1,0,0,0,22107.0,1,33.3712043762207,-115.67679595947266,3
2020,2020-02-22,1827,2,4,18,6,N,A,Y,A,H,C,D,22,E,08,E,,,,,I,Y,N,A,1,0,0,0,22107.0,1,32.7737922668457,-115.56748199462892,3
2020,2020-02-23,841,2,4,8,7,N,A,N,A,H,A,A,01,W,08,E,,,,,I,Y,N,D,1,0,0,0,22107.0,1,32.9265022277832,-115.65753936767578,4
2019,2019-11-05,1015,11,3,10,2,N,A,N,A,H,A,D,22,E,08,E,,,,,I,Y,N,D,0,0,0,0,22107.0,1,32.81108474731445,-115.31041717529295,1
2020,2020-02-22,1520,2,4,15,6,N,A,Y,A,H,A,A,07,S,03,C,,,,,C,Y,N,D,2,0,0,0,22350.0,2,33.364559173583984,-115.76590728759766,4
2020,2020-02-18,750,2,4,7,2,N,A,Y,A,H,A,D,22,S,03,C,,,,,C,Y,N,A,3,0,0,0,22350.0,2,32.778564453125,-115.50139617919922,4
2020,2020-02-19,515,2,4,5,3,N,A,N,A,H,D,A,01,W,03,D,,,,Y,C,N,N,D,1,0,0,0,22350.0,3,32.81107711791992,-115.41759490966795,3
2020,2020-02-19,700,2,4,7,3,N,A,N,A,H,A,D,22,N,08,B,,,,,C,Y,N,D,2,0,0,0,22107.0,2,32.89519500732422,-115.53550720214844,3
2020,2020-02-19,1135,2,4,11,3,N,A,Y,A,H,A,D,22,S,03,C,,,,,C,Y,N,D,4,0,0,0,22350.0,2,32.76482009887695,-115.5009307861328,4
2020,2020-02-25,2000,2,4,20,2,N,A,N,A,H,D,A,01,S,08,E,,,,,I,N,N,D,1,0,0,0,22107.0,1,32.76580810546875,-114.61620330810548,4
2020,2020-03-01,2150,3,1,21,7,Y,A,Y,A,H,C,A,01,,09,D,,,,,C,N,N,A,1,0,0,0,21801.0,2,32.73064041137695,-115.50040435791016,3
2020,2020-02-23,730,2,4,7,7,Y,A,N,A,H,A,A,07,,09,D,,,,,C,Y,N,A,1,0,0,0,21802.0,2,33.015480041503906,-115.56141662597656,4
2020,2020-03-03,458,3,1,4,2,N,A,N,A,H,D,D,22,E,06,A,,,,,C,Y,N,D,2,0,0,0,21751.0,3,32.91254806518555,-115.5836181640625,2
2020,2020-03-01,1920,3,1,19,7,N,A,Y,A,H,D,A,01,E,08,E,,,,,I,Y,N,D,2,0,0,0,22107.0,1,32.7099723815918,-115.13510131835938,2
2020,2020-06-30,1729,6,2,17,2,Y,A,Y,A,H,A,-,,,09,D,,,,,C,Y,N,D,1,0,0,0,21801.0,3,32.77537155151367,-115.55227661132812,4
2020,2020-02-29,405,2,4,4,6,N,A,Y,A,H,D,A,01,N,08,E,,,,,I,Y,N,D,2,0,0,0,22107.0,1,33.37734603881836,-116.02777099609376,2
2020,2020-03-04,525,3,1,5,3,N,A,Y,A,H,D,A,01,E,08,F,,,,,A,Y,N,D,1,0,0,0,22107.0,1,32.7088737487793,-114.94339752197266,4
2020,2020-03-08,2200,3,1,22,7,N,A,Y,A,H,D,A,01,S,01,E,,,,,I,Y,N,D,1,0,0,0,23152.0,1,32.731842041015625,-114.71685028076172,3
2020,2020-03-10,114,3,1,1,2,N,B,Y,B,H,C,A,01,E,03,D,,,,,C,Y,N,A,1,0,0,0,22350.0,2,32.77389907836914,-115.53514862060548,4
2020,2020-03-01,1255,3,1,12,7,N,A,Y,A,H,A,M,47,E,06,B,,Y,,,G,N,F,D,1,0,1,0,21760.0,2,33.137001037597656,-114.87782287597656,2
2020,2020-03-04,1240,3,1,12,3,N,A,Y,A,H,A,G,25,W,03,C,,,,Y,C,Y,N,D,1,0,0,0,22350.0,2,32.72523498535156,-116.03662109375,4
2020,2020-03-09,1950,3,1,19,1,N,B,Y,B,H,D,A,01,E,03,E,,,,,I,Y,N,D,1,0,0,0,22350.0,1,32.65797424316406,-116.0970458984375,4